2021-06-23T14:45:44,0
2021-06-23T14:46:38,0
2021-06-23T14:56:56,0
2021-06-23T15:14:32,0
2021-06-23T15:24:15,0
2021-06-23T15:30:18,0
2021-06-23T15:30:18,0
2021-06-23T15:43:47,0
2021-06-23T15:54:52,0
2021-06-23T16:09:46,0
2021-06-23T16:28:35,0
2021-06-23T16:40:34,0
2021-06-23T16:48:11,0
2021-06-23T16:55:45,0
2021-06-23T17:12:32,0
2021-06-23T17:31:14,0
2021-06-23T17:42:15,0
2021-06-23T17:51:37,0
2021-06-23T17:51:37,0
2021-06-23T18:21:31,0
2021-06-23T18:34:23,0
2021-06-23T18:34:23,0
2021-06-23T18:50:52,0
2021-06-23T19:01:23,0
2021-06-23T19:23:33,0
2021-06-23T19:37:23,0
2021-06-23T19:47:12,0
2021-06-23T19:56:59,0
2021-06-23T20:59:19,0
2021-06-23T21:55:28,0
2021-06-23T22:23:34,0
2021-06-23T22:42:33,0
2021-06-23T22:52:29,0
2021-06-23T23:07:03,0
2021-06-23T23:30:05,0
2021-06-23T23:47:26,0
2021-06-23T23:57:29,0
2021-06-24T00:24:46,0
2021-06-24T00:48:53,0
2021-06-24T00:59:49,0
2021-06-24T01:20:05,0
2021-06-24T01:30:59,0
2021-06-24T01:40:50,0
2021-06-24T01:51:04,0
2021-06-24T02:01:18,0
2021-06-24T02:30:19,0
2021-06-24T02:54:37,0
2021-06-24T03:10:47,0
2021-06-24T03:26:45,0
2021-06-24T03:36:38,0
2021-06-24T03:36:38,0
2021-06-24T03:56:22,0
2021-06-24T04:18:02,0
2021-06-24T04:35:07,0
2021-06-24T04:46:27,0
2021-06-24T04:56:26,0
2021-06-24T05:17:16,0
2021-06-24T05:36:06,0
2021-06-24T05:48:25,0
2021-06-24T05:58:22,0
2021-06-24T06:23:51,0
2021-06-24T06:40:19,0
2021-06-24T06:49:03,0
2021-06-24T06:59:56,0
2021-06-24T07:18:33,0
2021-06-24T07:29:12,0
2021-06-24T07:39:12,0
2021-06-24T07:49:07,0
2021-06-24T07:59:11,0
2021-06-24T08:34:57,0
2021-06-24T09:04:15,0
2021-06-24T09:29:09,0
2021-06-24T09:42:13,0
2021-06-24T09:51:59,0
2021-06-24T10:05:28,0
2021-06-24T10:22:37,0
2021-06-24T10:30:25,0
2021-06-24T10:43:53,0
2021-06-24T10:53:49,0
2021-06-24T11:10:56,0
2021-06-24T11:36:20,0
2021-06-24T11:53:24,0
2021-06-24T12:13:43,0
2021-06-24T12:53:30,0
2021-06-24T13:16:34,0
2021-06-24T13:38:52,0
2021-06-24T13:49:24,0
2021-06-24T13:59:34,0
2021-06-24T14:28:30,0
2021-06-24T14:49:59,0
2021-06-24T14:59:49,0
2021-06-24T15:17:32,0
2021-06-24T15:26:15,0
2021-06-24T15:37:23,0
2021-06-24T15:47:23,0
2021-06-24T15:56:23,0
2021-06-24T16:12:25,0
2021-06-24T16:27:34,0
2021-06-24T16:38:06,0
2021-06-24T16:48:05,0
2021-06-24T16:48:05,0
2021-06-24T17:18:16,0
2021-06-24T17:40:57,0
2021-06-24T17:53:00,0
2021-06-24T18:07:42,0
2021-06-24T18:28:33,0
2021-06-24T18:41:54,0
2021-06-24T18:41:54,0
2021-06-24T19:04:01,0
2021-06-24T19:24:58,0
2021-06-24T19:38:25,0
2021-06-24T19:48:03,0
2021-06-24T19:58:09,0
2021-06-24T21:07:24,0
2021-06-24T22:09:21,0
2021-06-24T22:41:30,0
2021-06-24T22:54:46,0
2021-06-24T23:13:53,0
2021-06-24T23:35:18,0
2021-06-24T23:49:31,0
2021-06-24T23:59:25,0
2021-06-25T00:28:58,0
2021-06-25T00:52:37,0
2021-06-25T01:05:34,0
2021-06-25T01:22:54,0
2021-06-25T01:33:23,0
2021-06-25T01:43:28,0
2021-06-25T01:53:16,0
2021-06-25T02:09:41,0
2021-06-25T02:38:07,0
2021-06-25T02:56:58,0
2021-06-25T03:13:40,0
2021-06-25T03:27:10,0
2021-06-25T03:27:10,0
2021-06-25T03:42:16,0
2021-06-25T03:57:14,0
2021-06-25T04:19:32,0
2021-06-25T04:36:49,0
2021-06-25T04:46:43,0
2021-06-25T04:56:35,0
2021-06-25T05:17:35,0
2021-06-25T05:36:34,0
2021-06-25T05:48:49,0
2021-06-25T05:48:49,0
2021-06-25T06:24:04,0
2021-06-25T06:40:36,0
2021-06-25T06:40:36,0
2021-06-25T07:00:16,0
2021-06-25T07:18:16,0
2021-06-25T07:29:36,0
2021-06-25T07:39:39,0
2021-06-25T07:49:34,0
2021-06-25T07:59:22,0
2021-06-25T08:34:48,0
2021-06-25T09:04:47,0
2021-06-25T09:29:50,0
2021-06-25T09:43:22,0
2021-06-25T09:50:32,0
2021-06-25T10:03:43,0
2021-06-25T10:24:01,0
2021-06-25T10:30:42,0
2021-06-25T10:30:42,0
2021-06-25T10:54:36,0
2021-06-25T11:13:03,0
2021-06-25T11:38:45,0
2021-06-25T11:55:13,0
2021-06-25T12:19:28,0
2021-06-25T12:54:17,0
2021-06-25T13:27:32,0
2021-06-25T13:42:16,0
2021-06-25T13:42:16,0
2021-06-25T14:15:43,0
2021-06-25T14:40:48,0
2021-06-25T14:55:43,0
2021-06-25T15:11:15,0
2021-06-25T15:23:10,0
2021-06-25T15:33:04,0
2021-06-25T15:33:04,0
2021-06-25T15:52:35,0
2021-06-25T16:06:50,0
2021-06-25T16:27:05,0
2021-06-25T16:39:18,0
2021-06-25T16:39:18,0
2021-06-25T16:54:15,0
2021-06-25T17:21:16,0
2021-06-25T17:36:43,0
2021-06-25T17:36:43,0
2021-06-25T17:56:25,0
2021-06-25T18:15:45,0
2021-06-25T18:30:23,0
2021-06-25T18:44:13,0
2021-06-25T18:44:13,0
2021-06-25T19:09:57,0
2021-06-25T19:28:59,0
2021-06-25T19:41:52,0
2021-06-25T19:41:52,0
2021-06-25T20:14:27,0
2021-06-25T21:26:15,0
2021-06-25T22:09:20,0
2021-06-25T22:38:39,0
2021-06-25T22:51:55,0
2021-06-25T23:04:47,0
2021-06-25T23:26:48,0
2021-06-25T23:47:12,0
2021-06-25T23:57:02,0
2021-06-26T00:22:32,0
2021-06-26T00:46:46,0
2021-06-26T00:58:53,0
2021-06-26T01:18:36,0
2021-06-26T01:30:14,0
2021-06-26T01:40:01,0
2021-06-26T01:49:55,0
2021-06-26T01:59:57,0
2021-06-26T02:29:34,0
2021-06-26T02:53:37,0
2021-06-26T03:07:58,0
2021-06-26T03:25:04,0
2021-06-26T03:34:55,0
2021-06-26T03:42:16,0
2021-06-26T03:42:16,0
2021-06-26T04:12:23,0
2021-06-26T04:32:39,0
2021-06-26T04:44:56,0
2021-06-26T04:44:56,0
2021-06-26T05:07:27,0
2021-06-26T05:33:03,0
2021-06-26T05:46:51,0
2021-06-26T05:56:55,0
2021-06-26T06:14:07,0
2021-06-26T06:37:01,0
2021-06-26T06:47:03,0
2021-06-26T06:56:51,0
2021-06-26T07:13:48,0
2021-06-26T07:27:07,0
2021-06-26T07:27:07,0
2021-06-26T07:42:16,0
2021-06-26T07:42:16,0
2021-06-26T08:24:46,0
2021-06-26T08:56:54,0
2021-06-26T09:20:57,0
2021-06-26T09:34:47,0
2021-06-26T09:34:47,0
2021-06-26T09:54:32,0
2021-06-26T10:09:46,0
2021-06-26T10:25:22,0
2021-06-26T10:35:34,0
2021-06-26T10:35:34,0
2021-06-26T10:55:30,0
2021-06-26T11:15:43,0
2021-06-26T11:39:21,0
2021-06-26T11:54:16,0
2021-06-26T12:15:17,0
2021-06-26T12:53:45,0
2021-06-26T13:15:27,0
2021-06-26T13:37:16,0.16
2021-06-26T13:47:23,0
2021-06-26T13:57:35,0.34
2021-06-26T14:22:20,0
2021-06-26T14:43:33,0
2021-06-26T14:54:16,0.44
2021-06-26T15:10:37,0.14
2021-06-26T15:22:21,0
2021-06-26T15:32:14,0
2021-06-26T15:41:59,0.67
2021-06-26T15:52:15,0.1
2021-06-26T16:00:29,0
2021-06-26T16:25:01,0
2021-06-26T16:36:45,0
2021-06-26T16:46:51,0
2021-06-26T16:54:17,0
2021-06-26T17:16:09,0
2021-06-26T17:33:44,0
2021-06-26T17:45:23,0
2021-06-26T17:55:15,0
2021-06-26T18:12:10,0
2021-06-26T18:30:17,0
2021-06-26T18:42:51,0
2021-06-26T18:52:50,0
2021-06-26T19:06:42,0
2021-06-26T19:26:23,0
2021-06-26T19:39:00,0
2021-06-26T19:48:52,0
2021-06-26T19:58:58,0
2021-06-26T21:14:32,0
2021-06-26T22:12:56,0
2021-06-26T22:42:37,0
2021-06-26T22:54:32,0
2021-06-26T23:12:37,0
2021-06-26T23:34:42,0
2021-06-26T23:48:59,0
2021-06-26T23:59:03,0
2021-06-27T00:28:23,0
2021-06-27T00:51:53,0
2021-06-27T01:03:37,0
2021-06-27T01:21:34,0
2021-06-27T01:31:45,0
2021-06-27T01:31:45,0
2021-06-27T02:04:14,0
2021-06-27T02:33:16,0
2021-06-27T02:55:24,0
2021-06-27T03:11:50,0
2021-06-27T03:27:19,0
2021-06-27T03:27:19,0
2021-06-27T03:46:51,0
2021-06-27T03:46:51,0
2021-06-27T04:17:57,0
2021-06-27T04:35:21,0
2021-06-27T04:45:18,0
2021-06-27T04:45:18,0
2021-06-27T05:13:33,0
2021-06-27T05:33:52,0
2021-06-27T05:47:06,0
2021-06-27T05:57:11,0
2021-06-27T06:19:26,0
2021-06-27T06:37:01,0
2021-06-27T06:47:09,0
2021-06-27T06:57:10,0
2021-06-27T07:14:10,0
2021-06-27T07:27:04,0
2021-06-27T07:36:57,0
2021-06-27T07:42:17,0
2021-06-27T07:56:29,0
2021-06-27T08:24:30,0
2021-06-27T08:57:04,0
2021-06-27T09:18:19,0
2021-06-27T09:35:25,0
2021-06-27T09:35:25,0
2021-06-27T09:55:12,0
2021-06-27T10:11:22,0
2021-06-27T10:26:14,0
2021-06-27T10:36:32,0
2021-06-27T10:36:32,0
2021-06-27T10:56:08,0
2021-06-27T11:13:26,0
2021-06-27T11:38:59,0
2021-06-27T11:55:07,0
2021-06-27T12:18:09,0
2021-06-27T12:55:37,0
2021-06-27T13:18:58,0
2021-06-27T13:38:33,0
2021-06-27T13:48:19,0
2021-06-27T13:48:19,0
2021-06-27T14:24:26,0
2021-06-27T14:44:09,0
2021-06-27T14:55:53,0
2021-06-27T15:11:03,0
2021-06-27T15:18:16,0
2021-06-27T15:32:46,0
2021-06-27T15:42:18,0
2021-06-27T15:52:46,0
2021-06-27T16:06:18,0
2021-06-27T16:26:02,0
2021-06-27T16:37:25,0
2021-06-27T16:47:17,0
2021-06-27T16:57:24,0
2021-06-27T17:17:41,0
2021-06-27T17:34:23,0
2021-06-27T17:42:17,0
2021-06-27T17:55:21,0
2021-06-27T18:12:46,0
2021-06-27T18:31:21,0
2021-06-27T18:42:53,0
2021-06-27T18:52:50,0
2021-06-27T19:07:13,0
2021-06-27T19:27:03,0
2021-06-27T19:39:41,0
2021-06-27T19:49:44,0
2021-06-27T19:59:37,0
2021-06-27T21:10:13,0
2021-06-27T22:08:55,0
2021-06-27T22:38:45,0
2021-06-27T22:54:18,0
2021-06-27T23:13:50,0
2021-06-27T23:36:02,0
2021-06-27T23:50:01,0
2021-06-27T23:59:40,0
2021-06-28T00:29:30,0
2021-06-28T00:53:13,0
2021-06-28T01:07:00,0
2021-06-28T01:24:09,0
2021-06-28T01:34:42,0
2021-06-28T01:34:42,0
2021-06-28T01:54:16,0
2021-06-28T02:13:37,0
2021-06-28T02:42:48,0
2021-06-28T02:59:06,0
2021-06-28T03:19:41,0
2021-06-28T03:30:20,0
2021-06-28T03:40:05,0
2021-06-28T03:49:58,0
2021-06-28T04:00:06,0
2021-06-28T04:25:19,0
2021-06-28T04:40:58,0
2021-06-28T04:50:47,0
2021-06-28T05:00:35,0
2021-06-28T05:22:44,0
2021-06-28T05:42:54,0
2021-06-28T05:42:54,0
2021-06-28T06:07:11,0
2021-06-28T06:30:45,0
2021-06-28T06:45:16,0
2021-06-28T06:55:15,0
2021-06-28T07:10:56,0
2021-06-28T07:25:55,0
2021-06-28T07:25:55,0
2021-06-28T07:45:38,0
2021-06-28T07:55:34,0
2021-06-28T08:17:09,0
2021-06-28T08:54:19,0
2021-06-28T09:20:06,0
2021-06-28T09:37:23,0
2021-06-28T09:47:06,0
2021-06-28T09:57:08,0
2021-06-28T10:15:51,0
2021-06-28T10:29:29,0
2021-06-28T10:39:56,0
2021-06-28T10:49:44,0
2021-06-28T10:59:31,0
2021-06-28T11:27:24,0
2021-06-28T11:48:56,0
2021-06-28T11:58:54,0
2021-06-28T12:43:46,0
2021-06-28T13:30:09,0
2021-06-28T14:06:16,0
2021-06-28T14:45:05,0
2021-06-28T15:02:10,0
2021-06-28T15:19:24,0
2021-06-28T15:29:15,0
2021-06-28T15:38:55,0
2021-06-28T15:48:45,0
2021-06-28T15:58:46,0
2021-06-28T16:21:02,0
2021-06-28T16:32:08,0
2021-06-28T16:43:09,0
2021-06-28T16:53:19,0
2021-06-28T17:06:43,0
2021-06-28T17:29:07,0
2021-06-28T17:53:59,0
2021-06-28T18:09:53,0
2021-06-28T18:29:23,0
2021-06-28T18:41:33,0
2021-06-28T18:41:33,0
2021-06-28T19:02:12,0
2021-06-28T19:23:41,0
2021-06-28T19:36:51,0
2021-06-28T19:42:18,0
2021-06-28T19:56:33,0
2021-06-28T20:49:33,0
2021-06-28T21:42:19,0
2021-06-28T22:12:42,0
2021-06-28T22:44:24,0
2021-06-28T22:54:24,0
2021-06-28T23:12:22,0
2021-06-28T23:34:54,0
2021-06-28T23:49:19,0
2021-06-28T23:59:13,0
2021-06-29T00:28:58,0
2021-06-29T00:52:48,0
2021-06-29T01:06:07,0
2021-06-29T01:23:27,0
2021-06-29T01:33:49,0
2021-06-29T01:43:40,0
2021-06-29T01:51:15,0
2021-06-29T02:10:16,0
2021-06-29T02:40:09,0
2021-06-29T02:58:27,0
2021-06-29T03:18:29,0
2021-06-29T03:27:14,0
2021-06-29T03:40:12,0
2021-06-29T03:49:58,0
2021-06-29T04:00:04,0
2021-06-29T04:25:04,0
2021-06-29T04:39:13,0
2021-06-29T04:50:46,0
2021-06-29T04:50:46,0
2021-06-29T05:25:57,0
2021-06-29T05:43:19,0
2021-06-29T05:51:13,0
2021-06-29T06:08:24,0
2021-06-29T06:31:52,0
2021-06-29T06:45:34,0
2021-06-29T06:45:34,0
2021-06-29T07:11:13,0
2021-06-29T07:25:54,0
2021-06-29T07:35:57,0
2021-06-29T07:45:42,0
2021-06-29T07:45:42,0
2021-06-29T08:21:16,0
2021-06-29T08:54:11,0
2021-06-29T09:19:04,0
2021-06-29T09:34:01,0
2021-06-29T09:46:25,0
2021-06-29T09:54:51,0
2021-06-29T10:15:05,0
2021-06-29T10:29:22,0
2021-06-29T10:40:07,0
2021-06-29T10:45:13,0
2021-06-29T10:59:58,0
2021-06-29T11:25:23,0
2021-06-29T11:44:52,0
2021-06-29T11:55:30,0
2021-06-29T12:20:48,0
2021-06-29T12:58:46,0
2021-06-29T13:27:17,0
2021-06-29T13:45:19,0
2021-06-29T13:45:19,0
2021-06-29T14:15:07,0
2021-06-29T14:41:20,0
2021-06-29T14:55:49,0
2021-06-29T15:11:13,0
2021-06-29T15:23:22,0
2021-06-29T15:30:20,0
2021-06-29T15:43:23,0
2021-06-29T15:43:23,0
2021-06-29T16:08:05,0
2021-06-29T16:27:59,0
2021-06-29T16:39:50,0
2021-06-29T16:49:50,0
2021-06-29T16:59:41,0
2021-06-29T17:22:17,0
2021-06-29T17:37:24,0
2021-06-29T17:47:24,0
2021-06-29T17:47:24,0
2021-06-29T18:17:54,0
2021-06-29T18:34:44,0
2021-06-29T18:44:39,0
2021-06-29T18:54:29,0
2021-06-29T19:11:28,0
2021-06-29T19:29:46,0
2021-06-29T19:42:02,0
2021-06-29T19:51:46,0
2021-06-29T20:14:38,0
2021-06-29T21:34:09,0
2021-06-29T22:19:49,0
2021-06-29T22:46:13,0
2021-06-29T22:56:01,0
2021-06-29T23:17:00,0
2021-06-29T23:37:22,0
2021-06-29T23:50:07,0
2021-06-29T23:59:56,0
2021-06-30T00:29:21,0
2021-06-30T00:50:37,0
2021-06-30T01:06:08,0
2021-06-30T01:23:17,0
2021-06-30T01:33:27,0
2021-06-30T01:33:27,0
2021-06-30T01:53:22,0
2021-06-30T02:09:45,0
2021-06-30T02:39:19,0
2021-06-30T02:58:21,0
2021-06-30T03:18:06,0
2021-06-30T03:30:40,0
2021-06-30T03:40:33,0
2021-06-30T03:50:20,0
2021-06-30T04:00:42,0
2021-06-30T04:25:13,0
2021-06-30T04:40:31,0
2021-06-30T04:40:31,0
2021-06-30T05:00:12,0
2021-06-30T05:26:09,0
2021-06-30T05:43:27,0
2021-06-30T05:53:15,0
2021-06-30T06:06:13,0
2021-06-30T06:32:35,0
2021-06-30T06:45:53,0
2021-06-30T06:55:37,0
2021-06-30T07:11:36,0
2021-06-30T07:26:30,0
2021-06-30T07:36:37,0
2021-06-30T07:36:37,0
2021-06-30T07:56:22,0
2021-06-30T08:19:43,0
2021-06-30T08:58:48,0
2021-06-30T09:26:35,0
2021-06-30T09:40:59,0
2021-06-30T09:50:25,0
2021-06-30T09:50:25,0
2021-06-30T10:20:21,0
2021-06-30T10:30:28,0
2021-06-30T10:30:28,0
2021-06-30T10:51:16,0
2021-06-30T11:00:33,0
2021-06-30T11:26:15,0
2021-06-30T11:50:06,0
2021-06-30T12:00:09,0
2021-06-30T12:35:45,0
2021-06-30T13:08:55,0
2021-06-30T13:36:39,0
2021-06-30T13:49:33,0
2021-06-30T13:59:27,0
2021-06-30T14:28:33,0
2021-06-30T14:51:17,0
2021-06-30T15:01:27,0
2021-06-30T15:18:01,0
2021-06-30T15:28:03,0
2021-06-30T15:38:08,0
2021-06-30T15:47:49,0
2021-06-30T15:57:41,0
2021-06-30T16:18:15,0
2021-06-30T16:32:56,0
2021-06-30T16:42:39,0
2021-06-30T16:52:38,0
2021-06-30T17:06:22,0
2021-06-30T17:27:08,0
2021-06-30T17:41:58,0
2021-06-30T17:41:58,0
2021-06-30T18:04:11,0
2021-06-30T18:25:19,0
2021-06-30T18:37:03,0
2021-06-30T18:49:16,0
2021-06-30T18:59:11,0
2021-06-30T19:21:14,0
2021-06-30T19:31:47,0
2021-06-30T19:43:13,0
2021-06-30T19:53:20,0
2021-06-30T20:29:00,0
2021-06-30T21:43:45,6.16
2021-06-30T22:17:39,1.24
2021-06-30T22:42:43,0.54
2021-06-30T22:42:43,0.54
2021-06-30T23:07:09,0
2021-06-30T23:31:05,0
2021-06-30T23:47:37,0
2021-06-30T23:57:27,0
2021-07-01T00:23:44,0
2021-07-01T00:47:53,0
2021-07-01T00:59:31,0
2021-07-01T01:19:26,0
2021-07-01T01:30:09,0
2021-07-01T01:39:57,0
2021-07-01T01:49:46,0
2021-07-01T01:59:29,0
2021-07-01T02:31:18,0
2021-07-01T02:56:00,0
2021-07-01T03:13:42,0
2021-07-01T03:28:25,0
2021-07-01T03:36:28,0
2021-07-01T03:48:20,0
2021-07-01T03:58:40,0
2021-07-01T04:22:56,0
2021-07-01T04:38:40,0
2021-07-01T04:48:45,0
2021-07-01T04:58:33,0
2021-07-01T05:21:54,0
2021-07-01T05:36:14,0
2021-07-01T05:49:36,0
2021-07-01T05:59:32,0
2021-07-01T06:24:36,0
2021-07-01T06:40:03,0
2021-07-01T06:49:53,0
2021-07-01T06:49:53,0
2021-07-01T07:18:26,0
2021-07-01T07:28:52,0
2021-07-01T07:38:50,0
2021-07-01T07:48:39,0
2021-07-01T07:58:28,0
2021-07-01T08:33:44,0
2021-07-01T09:03:27,0
2021-07-01T09:27:39,0
2021-07-01T09:40:22,0
2021-07-01T09:50:12,0
2021-07-01T10:00:13,0
2021-07-01T10:19:10,0
2021-07-01T10:30:42,0
2021-07-01T10:30:42,0
2021-07-01T10:50:22,0
2021-07-01T11:00:32,0
2021-07-01T11:27:47,0
2021-07-01T11:48:24,0
2021-07-01T11:48:24,0
2021-07-01T12:32:58,0.64
2021-07-01T13:06:09,1.78
2021-07-01T13:33:24,0.38
2021-07-01T13:48:43,0
2021-07-01T13:48:43,0
2021-07-01T14:28:30,0
2021-07-01T14:52:18,0
2021-07-01T15:04:42,0
2021-07-01T15:22:19,0
2021-07-01T15:32:22,0
2021-07-01T15:42:24,0
2021-07-01T15:42:24,0
2021-07-01T16:06:27,0
2021-07-01T16:24:31,0
2021-07-01T16:43:42,0
2021-07-01T16:53:32,0
2021-07-01T17:08:23,0.79
2021-07-01T17:30:07,4.21
2021-07-01T17:45:07,4.86
2021-07-01T17:51:34,4.47
2021-07-01T18:11:44,6.48
2021-07-01T18:30:43,7.49
2021-07-01T18:42:08,8.99
2021-07-01T18:52:02,7.09
2021-07-01T19:00:24,1.54
2021-07-01T19:25:21,0
2021-07-01T19:36:49,0
2021-07-01T19:48:38,0
2021-07-01T19:48:38,0
2021-07-01T21:06:01,0
2021-07-01T22:06:34,0
2021-07-01T22:34:52,0
2021-07-01T22:47:49,0.39
2021-07-01T22:57:40,0.14
2021-07-01T23:21:19,0.19
2021-07-01T23:38:30,0
2021-07-01T23:50:11,0
2021-07-01T23:50:11,0
2021-07-02T00:29:23,1.54
2021-07-02T00:52:06,0.9
2021-07-02T01:04:39,1.15
2021-07-02T01:21:48,0.95
2021-07-02T01:21:48,0.95
2021-07-02T01:41:41,1.78
2021-07-02T01:51:54,1.68
2021-07-02T02:03:50,2
2021-07-02T02:28:53,1.78
2021-07-02T02:52:35,0.69
2021-07-02T03:06:46,0.62
2021-07-02T03:26:56,0
2021-07-02T03:36:15,0
2021-07-02T03:49:12,0
2021-07-02T03:59:06,0.22
2021-07-02T04:24:46,0.49
2021-07-02T04:40:11,0
2021-07-02T04:40:11,0
2021-07-02T04:59:52,0
2021-07-02T05:24:49,0.87
2021-07-02T05:40:44,0
2021-07-02T05:50:45,0
2021-07-02T06:00:30,0
2021-07-02T06:25:14,0
2021-07-02T06:39:56,0
2021-07-02T06:49:50,0
2021-07-02T06:59:54,0
2021-07-02T07:18:17,0
2021-07-02T07:28:46,0
2021-07-02T07:36:17,0
2021-07-02T07:48:43,0
2021-07-02T07:58:30,0
2021-07-02T08:33:30,0
2021-07-02T09:02:48,0
2021-07-02T09:23:48,0
2021-07-02T09:36:15,0
2021-07-02T09:48:47,0
2021-07-02T09:48:47,0
2021-07-02T10:17:06,0
2021-07-02T10:28:03,0
2021-07-02T10:38:03,0
2021-07-02T10:38:03,0
2021-07-02T10:57:35,0
2021-07-02T11:22:43,0
2021-07-02T11:42:26,0
2021-07-02T11:56:12,0
2021-07-02T12:24:15,0
2021-07-02T13:03:19,0
2021-07-02T13:30:01,0
2021-07-02T13:46:41,0.75
2021-07-02T13:56:38,0.73
2021-07-02T14:13:40,0.13
2021-07-02T14:40:05,0
2021-07-02T14:51:36,0
2021-07-02T15:13:48,0
2021-07-02T15:25:06,0
2021-07-02T15:35:38,0
2021-07-02T15:45:40,0
2021-07-02T15:45:40,0
2021-07-02T16:14:17,0
2021-07-02T16:30:21,0
2021-07-02T16:40:27,0
2021-07-02T16:50:13,0
2021-07-02T17:00:19,0
2021-07-02T17:18:02,0
2021-07-02T17:35:49,0
2021-07-02T17:45:49,0
2021-07-02T17:51:19,0
2021-07-02T18:14:15,0.53
2021-07-02T18:38:18,3.87
2021-07-02T18:45:19,3.16
2021-07-02T19:00:00,8.65
2021-07-02T19:21:39,4.89
2021-07-02T19:33:09,13.25
2021-07-02T19:42:56,21.02
2021-07-02T19:52:50,13.32
2021-07-02T20:22:21,13.4
2021-07-02T21:30:12,0
2021-07-02T22:07:33,0.19
2021-07-02T22:33:15,0
2021-07-02T22:46:28,0
2021-07-02T22:56:31,0
2021-07-02T23:17:38,0
2021-07-02T23:36:26,0
2021-07-02T23:48:52,0
2021-07-02T23:48:52,0
2021-07-03T00:27:28,0
2021-07-03T00:50:13,0
2021-07-03T00:59:59,0
2021-07-03T01:17:15,0
2021-07-03T01:29:20,0
2021-07-03T01:39:08,0
2021-07-03T01:49:27,0
2021-07-03T01:59:41,0
2021-07-03T02:24:19,0
2021-07-03T02:51:43,0
2021-07-03T03:02:56,0
2021-07-03T03:21:07,0
2021-07-03T03:30:59,0
2021-07-03T03:36:17,0
2021-07-03T03:50:52,0
2021-07-03T04:00:24,0
2021-07-03T04:24:46,0
2021-07-03T04:39:05,0
2021-07-03T04:48:53,0
2021-07-03T04:58:58,0
2021-07-03T05:23:04,0
2021-07-03T05:38:28,0
2021-07-03T05:48:12,0
2021-07-03T05:58:27,0
2021-07-03T06:22:06,0
2021-07-03T06:37:20,0.49
2021-07-03T06:37:20,0.49
2021-07-03T06:57:05,0.49
2021-07-03T07:13:55,0.32
2021-07-03T07:26:25,0.1
2021-07-03T07:26:25,0.1
2021-07-03T07:46:33,0
2021-07-03T07:56:38,0
2021-07-03T08:23:26,0
2021-07-03T08:53:29,0
2021-07-03T09:12:51,0
2021-07-03T09:29:35,0
2021-07-03T09:39:35,0
2021-07-03T09:49:38,0
2021-07-03T09:59:58,0
2021-07-03T10:19:03,0
2021-07-03T10:29:30,0
2021-07-03T10:39:28,0
2021-07-03T10:49:12,0
2021-07-03T10:59:25,0
2021-07-03T11:25:26,0
2021-07-03T11:44:23,0
2021-07-03T11:54:48,0
2021-07-03T12:13:52,0
2021-07-03T12:53:59,0
2021-07-03T13:15:12,0
2021-07-03T13:35:55,0
2021-07-03T13:45:50,0
2021-07-03T13:45:50,0
2021-07-03T14:16:02,0
2021-07-03T14:39:33,0
2021-07-03T14:53:30,0
2021-07-03T15:04:17,0
2021-07-03T15:19:09,0
2021-07-03T15:19:09,0
2021-07-03T15:38:46,0
2021-07-03T15:48:46,0
2021-07-03T15:59:00,0
2021-07-03T16:20:39,0
2021-07-03T16:30:17,0
2021-07-03T16:30:17,0
2021-07-03T16:48:16,0
2021-07-03T17:02:22,0
2021-07-03T17:22:52,0
2021-07-03T17:37:03,0
2021-07-03T17:47:09,0
2021-07-03T17:57:10,0
2021-07-03T18:16:39,0
2021-07-03T18:32:47,0
2021-07-03T18:32:47,0
2021-07-03T18:52:23,0
2021-07-03T19:05:40,0
2021-07-03T19:24:15,0
2021-07-03T19:35:54,0
2021-07-03T19:46:03,0
2021-07-03T19:46:03,0
2021-07-03T20:47:11,0
2021-07-03T21:44:06,0
2021-07-03T22:13:32,0
2021-07-03T22:35:46,0
2021-07-03T22:49:47,0
2021-07-03T22:49:47,0
2021-07-03T23:25:23,0
2021-07-03T23:42:11,0
2021-07-03T23:51:56,0.15
2021-07-04T00:06:07,0
2021-07-04T00:34:37,0
2021-07-04T00:53:50,0
2021-07-04T01:08:17,0
2021-07-04T01:23:57,0
2021-07-04T01:23:57,0
2021-07-04T01:43:47,0
2021-07-04T01:53:28,0
2021-07-04T02:10:31,0
2021-07-04T02:37:48,0
2021-07-04T02:55:29,0
2021-07-04T03:12:00,0
2021-07-04T03:26:44,0
2021-07-04T03:36:48,0
2021-07-04T03:46:37,0
2021-07-04T03:56:48,0
2021-07-04T04:17:24,0
2021-07-04T04:34:19,0
2021-07-04T04:44:19,0
2021-07-04T04:54:05,0
2021-07-04T05:10:28,0
2021-07-04T05:31:01,0
2021-07-04T05:41:11,0
2021-07-04T05:54:40,0
2021-07-04T06:12:24,0
2021-07-04T06:30:48,0
2021-07-04T06:44:31,0
2021-07-04T06:54:10,0
2021-07-04T07:08:15,0
2021-07-04T07:23:10,0
2021-07-04T07:33:24,0
2021-07-04T07:33:24,0
2021-07-04T07:52:59,0
2021-07-04T08:10:34,0
2021-07-04T08:45:44,0
2021-07-04T09:05:25,0
2021-07-04T09:26:24,0
2021-07-04T09:37:16,0
2021-07-04T09:47:18,0
2021-07-04T09:47:18,0
2021-07-04T10:15:09,0
2021-07-04T10:24:17,0
2021-07-04T10:37:35,0
2021-07-04T10:47:38,0
2021-07-04T10:57:36,0
2021-07-04T11:21:37,0
2021-07-04T11:40:59,0
2021-07-04T11:54:57,0
2021-07-04T12:13:32,0
2021-07-04T12:51:18,0
2021-07-04T13:10:01,0
2021-07-04T13:29:32,0
2021-07-04T13:44:55,0
2021-07-04T13:54:50,0
2021-07-04T14:10:01,0
2021-07-04T14:38:12,0
2021-07-04T14:48:18,0
2021-07-04T15:06:05,0
2021-07-04T15:18:55,0
2021-07-04T15:28:48,0
2021-07-04T15:38:52,0
2021-07-04T15:48:54,0
2021-07-04T15:59:14,0
2021-07-04T16:20:51,0
2021-07-04T16:30:21,0
2021-07-04T16:40:12,0
2021-07-04T16:51:41,0
2021-07-04T17:00:22,0
2021-07-04T17:24:02,0
2021-07-04T17:37:15,0
2021-07-04T17:37:15,0
2021-07-04T17:57:28,0
2021-07-04T18:17:40,0
2021-07-04T18:33:19,0
2021-07-04T18:43:21,0
2021-07-04T18:43:21,0
2021-07-04T19:07:58,0
2021-07-04T19:26:22,0
2021-07-04T19:37:49,0
2021-07-04T19:47:45,0
2021-07-04T19:57:47,0
2021-07-04T20:58:35,0
2021-07-04T22:00:22,0
2021-07-04T22:26:36,0
2021-07-04T22:46:45,0
2021-07-04T22:57:18,0
2021-07-04T23:20:25,0
2021-07-04T23:36:17,0
2021-07-04T23:49:56,0
2021-07-04T23:59:46,0
2021-07-05T00:29:08,0
2021-07-05T00:52:05,0
2021-07-05T01:04:20,0
2021-07-05T01:22:08,0
2021-07-05T01:31:56,0
2021-07-05T01:37:26,0
2021-07-05T01:51:42,0
2021-07-05T02:00:22,0
2021-07-05T02:33:10,0
2021-07-05T02:55:18,0
2021-07-05T03:11:35,0
2021-07-05T03:27:12,0
2021-07-05T03:27:12,0
2021-07-05T03:47:11,0
2021-07-05T03:47:11,0
2021-07-05T04:20:33,0
2021-07-05T04:37:23,0
2021-07-05T04:37:23,0
2021-07-05T04:57:07,0
2021-07-05T05:19:53,0
2021-07-05T05:37:50,0
2021-07-05T05:45:00,0
2021-07-05T05:59:09,0
2021-07-05T06:24:18,0
2021-07-05T06:40:10,0
2021-07-05T06:48:19,0
2021-07-05T06:48:19,0
2021-07-05T07:18:02,0
2021-07-05T07:28:27,0
2021-07-05T07:36:19,0
2021-07-05T07:36:19,0
2021-07-05T07:57:58,0
2021-07-05T08:30:50,0
2021-07-05T09:01:40,0
2021-07-05T09:26:29,0
2021-07-05T09:36:17,0
2021-07-05T09:48:58,0
2021-07-05T09:58:56,0
2021-07-05T10:19:25,0
2021-07-05T10:30:19,0
2021-07-05T10:40:13,0
2021-07-05T10:48:18,0
2021-07-05T10:59:35,0
2021-07-05T11:26:49,0
2021-07-05T11:46:54,0
2021-07-05T11:56:42,0
2021-07-05T12:25:39,0
2021-07-05T13:00:33,0.13
2021-07-05T13:26:54,0
2021-07-05T13:43:20,0
2021-07-05T13:43:20,0
2021-07-05T14:09:17,0
2021-07-05T14:36:17,0
2021-07-05T14:48:19,0
2021-07-05T15:06:15,0
2021-07-05T15:17:00,0
2021-07-05T15:28:57,0
2021-07-05T15:38:58,0
2021-07-05T15:48:43,0
2021-07-05T15:56:57,0
2021-07-05T16:21:20,0
2021-07-05T16:32:53,0
2021-07-05T16:42:34,0
2021-07-05T16:48:18,0
2021-07-05T17:05:37,0
2021-07-05T17:25:49,0
2021-07-05T17:38:29,0
2021-07-05T17:38:29,0
2021-07-05T17:59:52,0
2021-07-05T18:21:42,0
2021-07-05T18:35:25,0
2021-07-05T18:35:25,0
2021-07-05T18:55:05,0
2021-07-05T19:12:29,0
2021-07-05T19:28:46,0
2021-07-05T19:40:55,0
2021-07-05T19:40:55,0
2021-07-05T20:00:48,0
2021-07-05T21:12:57,0
2021-07-05T22:07:49,0
2021-07-05T22:35:53,0
2021-07-05T22:49:32,0
2021-07-05T22:59:23,0
2021-07-05T23:25:44,0
2021-07-05T23:42:51,0
2021-07-05T23:52:46,0
2021-07-06T00:08:28,0
2021-07-06T00:37:09,0.22
2021-07-06T00:54:55,0.22
2021-07-06T01:10:26,0.22
2021-07-06T01:25:36,0.22
2021-07-06T01:35:29,0.48
2021-07-06T01:45:21,0.48
2021-07-06T01:45:21,0.48
2021-07-06T02:16:11,0.48
2021-07-06T02:39:02,0.14
2021-07-06T02:57:47,0.14
2021-07-06T03:17:15,0.14
2021-07-06T03:29:00,0.14
2021-07-06T03:39:18,0.2
2021-07-06T03:39:18,0.2
2021-07-06T03:58:54,0.2
2021-07-06T04:24:27,0.2
2021-07-06T04:39:37,0
2021-07-06T04:49:22,0
2021-07-06T04:59:12,0
2021-07-06T05:23:46,0
2021-07-06T05:39:33,0
2021-07-06T05:39:33,0
2021-07-06T05:59:15,0
2021-07-06T06:24:36,0
2021-07-06T06:39:34,0
2021-07-06T06:49:25,0
2021-07-06T06:59:13,0
2021-07-06T07:18:04,0
2021-07-06T07:28:28,0
2021-07-06T07:28:28,0
2021-07-06T07:48:18,0
2021-07-06T07:48:18,0
2021-07-06T08:26:45,0
2021-07-06T09:01:52,0
2021-07-06T09:26:41,0
2021-07-06T09:39:19,0
2021-07-06T09:49:12,0
2021-07-06T09:55:45,0
2021-07-06T10:19:29,0
2021-07-06T10:30:21,0
2021-07-06T10:40:07,0
2021-07-06T10:50:09,0
2021-07-06T10:59:57,0
2021-07-06T11:27:47,0
2021-07-06T11:46:48,0
2021-07-06T11:56:55,0
2021-07-06T12:25:05,0
2021-07-06T13:00:41,0
2021-07-06T13:26:23,0
2021-07-06T13:43:05,0
2021-07-06T13:53:10,0
2021-07-06T14:09:10,0
2021-07-06T14:36:10,0
2021-07-06T14:52:57,0
2021-07-06T15:05:54,0
2021-07-06T15:18:15,0
2021-07-06T15:28:47,0
2021-07-06T15:38:54,0
2021-07-06T15:48:46,0
2021-07-06T15:54:44,0
2021-07-06T16:21:21,0
2021-07-06T16:33:08,0
2021-07-06T16:42:54,0
2021-07-06T16:52:56,0
2021-07-06T17:07:11,0
2021-07-06T17:25:39,0
2021-07-06T17:36:20,0
2021-07-06T17:47:12,0
2021-07-06T18:01:02,0
2021-07-06T18:22:26,0
2021-07-06T18:36:12,0.34
2021-07-06T18:45:55,13.32
2021-07-06T18:55:58,9.11
2021-07-06T19:14:28,1.48
2021-07-06T19:30:21,0.13
2021-07-06T19:41:46,0.12
2021-07-06T19:51:34,0.98
2021-07-06T20:15:05,3.16
2021-07-06T21:31:34,0
2021-07-06T22:12:56,1.15
2021-07-06T22:39:44,0
2021-07-06T22:51:29,0
2021-07-06T23:02:30,0
2021-07-06T23:27:13,0
2021-07-06T23:44:10,0
2021-07-06T23:44:10,0
2021-07-07T00:11:56,0
2021-07-07T00:41:28,0
2021-07-07T00:52:57,0
2021-07-07T01:14:37,0
2021-07-07T01:27:45,0
2021-07-07T01:37:37,0
2021-07-07T01:47:28,0
2021-07-07T01:57:15,0
2021-07-07T02:22:51,0
2021-07-07T02:46:19,0
2021-07-07T02:54:13,0
2021-07-07T03:18:11,0
2021-07-07T03:29:59,0
2021-07-07T03:40:00,0
2021-07-07T03:40:00,0
2021-07-07T03:59:49,0
2021-07-07T04:25:04,0
2021-07-07T04:40:20,0
2021-07-07T04:40:20,0
2021-07-07T05:00:06,0
2021-07-07T05:21:15,0
2021-07-07T05:42:14,0
2021-07-07T05:52:06,0
2021-07-07T06:06:20,0
2021-07-07T06:29:59,0
2021-07-07T06:44:33,0
2021-07-07T06:44:33,0
2021-07-07T07:08:45,0
2021-07-07T07:24:08,0
2021-07-07T07:34:28,0
2021-07-07T07:44:22,0
2021-07-07T07:54:07,0
2021-07-07T08:15:25,0
2021-07-07T08:50:53,0
2021-07-07T09:10:35,0
2021-07-07T09:33:27,0
2021-07-07T09:45:34,0
2021-07-07T09:52:17,0
2021-07-07T10:13:35,0
2021-07-07T10:31:42,0
2021-07-07T10:45:16,0
2021-07-07T10:54:59,0
2021-07-07T11:17:17,0
2021-07-07T11:46:57,0
2021-07-07T12:04:47,0
2021-07-07T12:50:52,0
2021-07-07T13:20:00,0
2021-07-07T13:46:14,0
2021-07-07T13:55:55,0
2021-07-07T14:18:40,0
2021-07-07T14:42:39,0
2021-07-07T14:51:40,0
2021-07-07T15:11:41,0
2021-07-07T15:22:01,0
2021-07-07T15:22:01,0
2021-07-07T15:41:58,0
2021-07-07T15:41:58,0
2021-07-07T16:05:00,0
2021-07-07T16:25:31,0
2021-07-07T16:37:20,0
2021-07-07T16:47:20,0
2021-07-07T16:47:20,0
2021-07-07T17:16:54,0
2021-07-07T17:33:13,0
2021-07-07T17:44:31,0
2021-07-07T17:54:19,0
2021-07-07T18:10:30,0
2021-07-07T18:29:44,0
2021-07-07T18:41:57,0
2021-07-07T18:51:48,0
2021-07-07T19:03:46,0
2021-07-07T19:23:38,0
2021-07-07T19:35:30,0
2021-07-07T19:45:41,0
2021-07-07T19:55:25,0
2021-07-07T20:41:27,0
2021-07-07T21:45:19,0
2021-07-07T22:16:34,0
2021-07-07T22:41:20,0
2021-07-07T22:41:20,0
2021-07-07T23:02:01,0
2021-07-07T23:26:57,0
2021-07-07T23:44:16,0
2021-07-07T23:52:29,0
2021-07-08T00:13:03,0
2021-07-08T00:39:57,0
2021-07-08T00:56:55,0
2021-07-08T01:14:57,0
2021-07-08T01:27:49,0
2021-07-08T01:37:50,0
2021-07-08T01:48:00,0
2021-07-08T01:58:13,0
2021-07-08T02:25:39,0
2021-07-08T02:44:09,0
2021-07-08T02:54:15,0
2021-07-08T03:18:14,0
2021-07-08T03:30:29,0
2021-07-08T03:40:22,0
2021-07-08T03:50:10,0
2021-07-08T04:00:16,0
2021-07-08T04:25:42,0
2021-07-08T04:41:31,0
2021-07-08T04:51:33,0
2021-07-08T05:02:40,0
2021-07-08T05:27:49,0
2021-07-08T05:44:49,0
2021-07-08T05:54:30,0
2021-07-08T06:12:24,0
2021-07-08T06:34:02,0
2021-07-08T06:45:55,0
2021-07-08T06:45:55,0
2021-07-08T07:08:59,0
2021-07-08T07:26:02,0
2021-07-08T07:26:02,0
2021-07-08T07:45:58,0
2021-07-08T07:55:45,0
2021-07-08T08:22:43,0
2021-07-08T08:56:45,0
2021-07-08T09:25:41,0
2021-07-08T09:43:53,0
2021-07-08T09:43:53,0
2021-07-08T10:06:20,0
2021-07-08T10:29:14,0
2021-07-08T10:43:45,0
2021-07-08T10:53:48,0
2021-07-08T11:11:26,0
2021-07-08T11:42:28,0
2021-07-08T12:01:51,0
2021-07-08T12:44:54,0
2021-07-08T13:14:58,0
2021-07-08T13:41:57,0
2021-07-08T13:48:37,0
2021-07-08T14:07:09,0
2021-07-08T14:34:48,0
2021-07-08T14:53:04,0
2021-07-08T15:01:14,0
2021-07-08T15:19:14,0.1
2021-07-08T15:19:14,0.1
2021-07-08T15:39:03,0
2021-07-08T15:48:50,0
2021-07-08T15:48:50,0
2021-07-08T16:20:55,0
2021-07-08T16:30:22,0
2021-07-08T16:42:51,0
2021-07-08T16:52:37,1.34
2021-07-08T17:06:15,6.48
2021-07-08T17:26:17,0
2021-07-08T17:40:00,1.78
2021-07-08T17:50:00,3.16
2021-07-08T18:00:13,0
2021-07-08T18:22:09,0
2021-07-08T18:36:04,0
2021-07-08T18:36:04,0
2021-07-08T18:55:47,0
2021-07-08T19:13:57,0
2021-07-08T19:30:06,0.12
2021-07-08T19:38:50,0
2021-07-08T19:50:46,0
2021-07-08T20:06:15,0
2021-07-08T21:28:59,0
2021-07-08T22:13:09,0
2021-07-08T22:39:38,0
2021-07-08T22:50:56,0.41
2021-07-08T23:01:12,0.1
2021-07-08T23:26:34,0
2021-07-08T23:42:15,0.75
2021-07-08T23:53:28,0.8
2021-07-09T00:11:07,0.32
2021-07-09T00:39:57,0.32
2021-07-09T00:54:16,0
2021-07-09T01:13:50,0
2021-07-09T01:27:16,0.12
2021-07-09T01:37:08,2.73
2021-07-09T01:42:18,1.6
2021-07-09T01:56:46,1.22
2021-07-09T02:20:59,1.3
2021-07-09T02:44:33,4.21
2021-07-09T02:53:30,3.65
2021-07-09T03:17:29,9.11
2021-07-09T03:29:44,31.58
2021-07-09T03:39:39,17.76
2021-07-09T03:49:41,8.65
2021-07-09T03:59:46,3.65
2021-07-09T04:25:10,1.15
2021-07-09T04:40:27,1.15
2021-07-09T04:50:14,1.54
2021-07-09T04:50:14,1.54
2021-07-09T05:25:07,3.16
2021-07-09T05:40:58,5.01
2021-07-09T05:50:45,7.49
2021-07-09T06:00:43,9.22
2021-07-09T06:25:29,15.38
2021-07-09T06:40:26,9.99
2021-07-09T06:50:15,9.99
2021-07-09T07:00:09,6.48
2021-07-09T07:18:30,8.91
2021-07-09T07:28:56,9.99
2021-07-09T07:38:14,9.18
2021-07-09T07:49:01,6.68
2021-07-09T07:58:52,3.5
2021-07-09T08:34:02,0.72
2021-07-09T09:00:14,0
2021-07-09T09:24:29,0
2021-07-09T09:38:45,0
2021-07-09T09:48:41,0
2021-07-09T09:58:42,0
2021-07-09T10:20:33,0
2021-07-09T10:33:05,0
2021-07-09T10:42:50,0
2021-07-09T10:52:45,0
2021-07-09T11:07:49,0
2021-07-09T11:35:30,0
2021-07-09T11:53:51,0
2021-07-09T12:14:29,0
2021-07-09T12:55:06,0
2021-07-09T13:19:54,0
2021-07-09T13:39:46,0
2021-07-09T13:39:46,0
2021-07-09T13:59:32,0
2021-07-09T14:30:39,0
2021-07-09T14:52:53,0
2021-07-09T15:05:43,0
2021-07-09T15:18:15,0
2021-07-09T15:18:15,0
2021-07-09T15:38:50,0
2021-07-09T15:38:50,0
2021-07-09T15:58:37,0
2021-07-09T16:20:54,0
2021-07-09T16:32:43,0
2021-07-09T16:32:43,0
2021-07-09T16:52:34,0
2021-07-09T17:05:34,0
2021-07-09T17:25:52,0
2021-07-09T17:39:55,0
2021-07-09T17:39:55,0
2021-07-09T17:59:58,0
2021-07-09T18:22:45,0
2021-07-09T18:36:04,0
2021-07-09T18:46:09,0
2021-07-09T18:54:09,0
2021-07-09T19:14:38,0
2021-07-09T19:30:28,0
2021-07-09T19:38:54,0
2021-07-09T19:51:08,0
2021-07-09T20:12:08,0
2021-07-09T21:22:47,0
2021-07-09T22:06:17,0
2021-07-09T22:35:51,2.07
2021-07-09T22:49:38,0.75
2021-07-09T22:49:38,0.75
2021-07-09T23:25:29,0.21
2021-07-09T23:42:14,0
2021-07-09T23:52:21,0
2021-07-10T00:07:16,0
2021-07-10T00:36:18,0
2021-07-10T00:54:50,0
2021-07-10T01:10:08,0
2021-07-10T01:25:09,0
2021-07-10T01:35:02,0
2021-07-10T01:44:54,0
2021-07-10T01:44:54,0
2021-07-10T02:14:04,0
2021-07-10T02:40:25,0
2021-07-10T02:56:11,0
2021-07-10T03:13:32,0
2021-07-10T03:27:48,0
2021-07-10T03:27:48,0
2021-07-10T03:47:31,0
2021-07-10T03:57:34,0
2021-07-10T04:19:59,0
2021-07-10T04:35:52,0
2021-07-10T04:35:52,0
2021-07-10T04:55:36,0
2021-07-10T05:14:26,0
2021-07-10T05:33:35,0
2021-07-10T05:45:57,0
2021-07-10T05:45:57,0
2021-07-10T06:15:27,0
2021-07-10T06:34:21,0
2021-07-10T06:45:06,0
2021-07-10T06:55:14,0
2021-07-10T07:08:47,0
2021-07-10T07:24:36,0
2021-07-10T07:24:36,0
2021-07-10T07:44:25,0
2021-07-10T07:54:08,0
2021-07-10T08:14:58,0
2021-07-10T08:48:28,0
2021-07-10T09:07:02,0
2021-07-10T09:27:16,0
2021-07-10T09:38:01,0
2021-07-10T09:47:53,0
2021-07-10T09:57:54,0
2021-07-10T10:16:39,0
2021-07-10T10:28:16,0
2021-07-10T10:38:27,0
2021-07-10T10:53:39,0
2021-07-10T11:23:43,0
2021-07-10T11:42:59,0
2021-07-10T11:54:29,0
2021-07-10T12:15:35,0
2021-07-10T12:52:28,0
2021-07-10T13:13:33,0
2021-07-10T13:35:22,0
2021-07-10T13:45:43,0
2021-07-10T13:55:47,0
2021-07-10T14:16:26,0
2021-07-10T14:39:53,0
2021-07-10T14:52:57,0
2021-07-10T15:07:11,0
2021-07-10T15:18:13,0
2021-07-10T15:29:19,0
2021-07-10T15:39:13,0
2021-07-10T15:47:50,0
2021-07-10T15:59:40,0
2021-07-10T16:21:02,0
2021-07-10T16:32:03,0
2021-07-10T16:42:00,0
2021-07-10T16:49:25,0
2021-07-10T17:03:02,0
2021-07-10T17:23:22,0
2021-07-10T17:37:06,0
2021-07-10T17:47:13,0
2021-07-10T17:52:43,0
2021-07-10T18:16:24,0
2021-07-10T18:32:47,0
2021-07-10T18:32:47,0
2021-07-10T18:52:36,0
2021-07-10T19:06:15,0
2021-07-10T19:24:52,0
2021-07-10T19:36:33,0
2021-07-10T19:36:33,0
2021-07-10T19:56:27,0.19
2021-07-10T20:56:03,0.18
2021-07-10T22:01:10,0
2021-07-10T22:33:17,0
2021-07-10T22:48:48,0
2021-07-10T22:58:38,0
2021-07-10T23:24:24,0
2021-07-10T23:41:15,0
2021-07-10T23:51:02,0
2021-07-11T00:02:00,0
2021-07-11T00:30:49,0
2021-07-11T00:52:29,0
2021-07-11T01:05:07,0
2021-07-11T01:21:59,0
2021-07-11T01:31:55,0
2021-07-11T01:41:44,0
2021-07-11T01:51:53,0
2021-07-11T02:05:05,0
2021-07-11T02:30:19,0
2021-07-11T02:54:08,0
2021-07-11T03:09:09,0
2021-07-11T03:25:33,0
2021-07-11T03:35:26,0
2021-07-11T03:35:26,0
2021-07-11T03:55:37,0
2021-07-11T04:14:54,0
2021-07-11T04:33:29,0
2021-07-11T04:44:11,0
2021-07-11T04:44:11,0
2021-07-11T05:10:15,0
2021-07-11T05:31:14,0
2021-07-11T05:45:04,0
2021-07-11T05:55:00,0
2021-07-11T06:12:47,0
2021-07-11T06:32:54,0
2021-07-11T06:44:19,0
2021-07-11T06:54:23,0
2021-07-11T07:08:42,0
2021-07-11T07:23:40,0
2021-07-11T07:33:31,0
2021-07-11T07:33:31,0
2021-07-11T07:53:17,0
2021-07-11T08:11:38,0
2021-07-11T08:44:10,0
2021-07-11T09:05:30,0
2021-07-11T09:24:47,0
2021-07-11T09:37:17,0
2021-07-11T09:47:18,0
2021-07-11T09:57:08,0
2021-07-11T10:15:07,0
2021-07-11T10:27:34,0
2021-07-11T10:37:43,0
2021-07-11T10:47:23,0
2021-07-11T10:57:44,0
2021-07-11T11:18:15,0
2021-07-11T11:40:59,0
2021-07-11T11:53:34,0
2021-07-11T12:12:16,0
2021-07-11T12:50:01,0
2021-07-11T13:09:05,0
2021-07-11T13:33:30,0
2021-07-11T13:45:06,0
2021-07-11T13:45:06,0
2021-07-11T14:14:24,0
2021-07-11T14:38:54,0
2021-07-11T14:53:26,0
2021-07-11T15:06:57,0
2021-07-11T15:19:26,0
2021-07-11T15:29:28,0
2021-07-11T15:39:33,0
2021-07-11T15:49:20,0
2021-07-11T15:59:28,0
2021-07-11T16:21:06,0
2021-07-11T16:31:57,0
2021-07-11T16:41:55,0
2021-07-11T16:47:22,0
2021-07-11T17:03:20,0
2021-07-11T17:19:07,0
2021-07-11T17:37:49,0
2021-07-11T17:47:48,0
2021-07-11T17:57:47,0
2021-07-11T18:18:24,0
2021-07-11T18:33:36,0
2021-07-11T18:43:21,0
2021-07-11T18:53:17,0
2021-07-11T19:07:47,0
2021-07-11T19:24:13,0
2021-07-11T19:38:00,0
2021-07-11T19:47:54,0
2021-07-11T19:57:35,0
2021-07-11T20:58:05,0
2021-07-11T22:00:26,0
2021-07-11T22:31:00,0
2021-07-11T22:47:14,0
2021-07-11T22:54:16,0
2021-07-11T23:18:15,0
2021-07-11T23:38:52,0
2021-07-11T23:50:37,0
2021-07-12T00:00:57,0
2021-07-12T00:30:00,0
2021-07-12T00:49:45,0
2021-07-12T01:05:45,0
2021-07-12T01:22:56,0
2021-07-12T01:32:41,0
2021-07-12T01:42:16,0
2021-07-12T01:52:41,0
2021-07-12T02:06:16,0
2021-07-12T02:38:07,13.96
2021-07-12T02:57:12,4.86
2021-07-12T03:16:16,2.16
2021-07-12T03:29:06,0.14
2021-07-12T03:39:02,0
2021-07-12T03:39:02,0
2021-07-12T03:59:05,0
2021-07-12T04:24:34,0
2021-07-12T04:39:57,0
2021-07-12T04:49:55,0
2021-07-12T04:59:42,0
2021-07-12T05:24:48,0
2021-07-12T05:40:32,0
2021-07-12T05:50:46,0
2021-07-12T06:00:59,0
2021-07-12T06:25:47,0
2021-07-12T06:40:56,0
2021-07-12T06:50:56,0
2021-07-12T06:50:56,0
2021-07-12T07:18:39,0
2021-07-12T07:28:44,0
2021-07-12T07:38:58,0
2021-07-12T07:47:22,0
2021-07-12T07:58:26,0
2021-07-12T08:30:18,0
2021-07-12T09:03:30,0
2021-07-12T09:29:21,0
2021-07-12T09:42:39,0
2021-07-12T09:42:39,0
2021-07-12T10:05:23,0
2021-07-12T10:22:42,0
2021-07-12T10:32:41,0
2021-07-12T10:42:26,0
2021-07-12T10:52:10,0
2021-07-12T11:05:53,0
2021-07-12T11:31:48,0
2021-07-12T11:50:52,0
2021-07-12T12:00:46,0
2021-07-12T12:37:15,0
2021-07-12T13:07:54,0
2021-07-12T13:34:49,0
2021-07-12T13:45:15,0
2021-07-12T13:57:24,0
2021-07-12T14:25:13,0
2021-07-12T14:47:34,0
2021-07-12T14:54:13,0
2021-07-12T15:14:30,0
2021-07-12T15:14:30,0
2021-07-12T15:33:55,0
2021-07-12T15:42:15,0
2021-07-12T15:53:52,0
2021-07-12T16:09:42,0
2021-07-12T16:27:03,0
2021-07-12T16:37:16,0
2021-07-12T16:44:56,0
2021-07-12T16:56:53,0
2021-07-12T17:13:40,0
2021-07-12T17:26:58,0
2021-07-12T17:37:04,0
2021-07-12T17:46:11,0
2021-07-12T17:57:03,0
2021-07-12T18:14:15,0
2021-07-12T18:29:15,0
2021-07-12T18:39:42,0
2021-07-12T18:39:42,0
2021-07-12T18:56:11,0
2021-07-12T19:22:09,0
2021-07-12T19:30:31,0
2021-07-12T19:30:31,0
2021-07-12T19:54:18,0
2021-07-12T20:37:48,0
2021-07-12T21:42:17,0
2021-07-12T22:16:46,0
2021-07-12T22:41:39,0
2021-07-12T22:51:46,0
2021-07-12T23:04:17,0
2021-07-12T23:28:54,0
2021-07-12T23:46:19,0
2021-07-12T23:56:06,0
2021-07-13T00:19:21,0
2021-07-13T00:44:05,0
2021-07-13T00:57:37,0
2021-07-13T01:16:22,0
2021-07-13T01:28:27,0
2021-07-13T01:28:27,0
2021-07-13T01:48:20,0
2021-07-13T01:58:23,0
2021-07-13T02:26:51,0
2021-07-13T02:50:59,0
2021-07-13T03:00:53,0
2021-07-13T03:20:25,0
2021-07-13T03:30:38,0
2021-07-13T03:40:42,0
2021-07-13T03:48:12,0
2021-07-13T04:00:40,0
2021-07-13T04:25:36,0
2021-07-13T04:40:34,0
2021-07-13T04:50:37,0
2021-07-13T05:00:15,0
2021-07-13T05:25:02,0
2021-07-13T05:41:37,0
2021-07-13T05:51:25,0
2021-07-13T06:02:35,0
2021-07-13T06:26:55,0
2021-07-13T06:42:14,0
2021-07-13T06:42:14,0
2021-07-13T07:03:58,0
2021-07-13T07:20:54,0
2021-07-13T07:30:47,0
2021-07-13T07:30:47,0
2021-07-13T07:50:36,0
2021-07-13T07:50:36,0
2021-07-13T08:38:55,0
2021-07-13T09:07:35,0
2021-07-13T09:27:30,0
2021-07-13T09:45:28,0
2021-07-13T09:45:28,0
2021-07-13T10:11:47,0
2021-07-13T10:22:30,0
2021-07-13T10:36:13,0
2021-07-13T10:46:45,0
2021-07-13T10:56:38,0
2021-07-13T11:42:00,0
2021-07-13T11:55:49,0
2021-07-13T12:22:11,0
2021-07-13T12:59:43,0
2021-07-13T13:27:10,0
2021-07-13T13:44:30,0
2021-07-13T13:44:30,0
2021-07-13T14:12:48,0
2021-07-13T14:38:57,0
2021-07-13T14:54:27,0
2021-07-13T15:09:06,0
2021-07-13T15:21:00,0
2021-07-13T15:21:00,0
2021-07-13T15:40:50,0
2021-07-13T15:40:50,0
2021-07-13T16:00:39,0
2021-07-13T16:22:23,0
2021-07-13T16:30:42,0
2021-07-13T16:44:23,0
2021-07-13T16:54:30,0
2021-07-13T17:10:36,0
2021-07-13T17:30:04,0
2021-07-13T17:43:36,0
2021-07-13T17:49:58,0
2021-07-13T18:08:38,0
2021-07-13T18:28:17,0
2021-07-13T18:41:43,0
2021-07-13T18:41:43,0
2021-07-13T19:00:18,0
2021-07-13T19:23:48,0
2021-07-13T19:36:05,0
2021-07-13T19:45:48,0
2021-07-13T19:55:40,0
2021-07-13T20:41:24,0
2021-07-13T21:41:16,0
2021-07-13T22:09:02,0
2021-07-13T22:39:26,0
2021-07-13T22:50:28,0
2021-07-13T23:00:29,0
2021-07-13T23:26:13,0
2021-07-13T23:43:21,0
2021-07-13T23:53:11,0
2021-07-14T00:10:17,0
2021-07-14T00:36:12,0
2021-07-14T00:56:04,0
2021-07-14T01:13:07,0
2021-07-14T01:27:07,0
2021-07-14T01:37:04,0
2021-07-14T01:46:49,0
2021-07-14T01:56:40,0
2021-07-14T02:20:38,0
2021-07-14T02:44:35,0
2021-07-14T02:54:49,0
2021-07-14T03:17:53,0
2021-07-14T03:29:43,0
2021-07-14T03:39:18,0
2021-07-14T03:39:18,0
2021-07-14T03:59:32,0
2021-07-14T04:24:31,0
2021-07-14T04:40:17,0
2021-07-14T04:49:32,0
2021-07-14T04:59:17,0
2021-07-14T05:23:52,0
2021-07-14T05:39:53,0
2021-07-14T05:48:14,0
2021-07-14T05:59:38,0
2021-07-14T06:24:54,0
2021-07-14T06:49:46,0
2021-07-14T06:58:34,0
2021-07-14T07:18:04,0
2021-07-14T07:28:31,0
2021-07-14T07:38:34,0
2021-07-14T07:38:34,0
2021-07-14T07:58:23,0
2021-07-14T08:34:37,0
2021-07-14T09:05:44,0
2021-07-14T09:31:03,0
2021-07-14T09:43:42,0
2021-07-14T09:53:45,0
2021-07-14T10:07:15,0
2021-07-14T10:24:46,0
2021-07-14T10:35:16,0
2021-07-14T10:45:07,0
2021-07-14T10:45:07,0
2021-07-14T11:13:39,0
2021-07-14T11:38:32,0
2021-07-14T11:55:23,0
2021-07-14T12:12:15,0
2021-07-14T12:55:43,0
2021-07-14T13:16:57,0
2021-07-14T13:39:27,0
2021-07-14T13:39:27,0
2021-07-14T13:57:42,0
2021-07-14T14:27:58,0
2021-07-14T14:49:48,0
2021-07-14T14:59:43,0
2021-07-14T15:17:05,0
2021-07-14T15:27:08,0
2021-07-14T15:37:12,0
2021-07-14T15:46:55,0
2021-07-14T15:56:58,0
2021-07-14T16:12:16,0
2021-07-14T16:31:39,0
2021-07-14T16:41:43,0.1
2021-07-14T16:51:43,0.49
2021-07-14T17:03:20,0
2021-07-14T17:24:35,0
2021-07-14T17:38:52,0
2021-07-14T17:48:42,0
2021-07-14T17:48:42,0
2021-07-14T18:20:48,0
2021-07-14T18:30:20,0
2021-07-14T18:44:35,0
2021-07-14T18:51:38,0
2021-07-14T19:11:02,0
2021-07-14T19:28:37,0
2021-07-14T19:40:35,0
2021-07-14T19:50:43,0
2021-07-14T20:00:32,0
2021-07-14T21:11:34,0
2021-07-14T22:08:14,0
2021-07-14T22:36:25,0
2021-07-14T22:49:58,0
2021-07-14T22:59:47,0
2021-07-14T23:26:00,0
2021-07-14T23:39:39,0
2021-07-14T23:52:46,0
2021-07-15T00:08:43,0
2021-07-15T00:38:13,0
2021-07-15T00:56:06,0
2021-07-15T01:13:11,0
2021-07-15T01:27:14,0
2021-07-15T01:37:17,0
2021-07-15T01:37:17,0
2021-07-15T01:57:00,0
2021-07-15T02:22:06,0
2021-07-15T02:44:27,0
2021-07-15T02:56:53,0
2021-07-15T03:15:53,0
2021-07-15T03:29:25,0
2021-07-15T03:39:10,0
2021-07-15T03:49:12,0
2021-07-15T03:49:12,0
2021-07-15T04:27:37,0
2021-07-15T04:39:51,0
2021-07-15T04:49:45,0
2021-07-15T04:59:57,0
2021-07-15T05:24:56,0
2021-07-15T05:40:10,0
2021-07-15T05:40:10,0
2021-07-15T06:01:02,0
2021-07-15T06:26:18,0
2021-07-15T06:42:03,0
2021-07-15T06:51:54,0
2021-07-15T07:03:17,0
2021-07-15T07:20:17,0
2021-07-15T07:30:19,0
2021-07-15T07:40:11,0
2021-07-15T07:40:11,0
2021-07-15T07:59:53,0
2021-07-15T08:36:35,0
2021-07-15T09:00:39,0
2021-07-15T09:28:25,0
2021-07-15T09:38:24,0
2021-07-15T09:38:24,0
2021-07-15T10:01:31,0
2021-07-15T10:18:17,0
2021-07-15T10:31:19,0
2021-07-15T10:41:04,0
2021-07-15T10:51:04,0
2021-07-15T11:00:23,0
2021-07-15T11:27:56,0
2021-07-15T11:48:27,0
2021-07-15T11:55:28,0
2021-07-15T12:32:22,0
2021-07-15T13:00:35,0
2021-07-15T13:30:40,0
2021-07-15T13:46:29,0
2021-07-15T13:56:19,0
2021-07-15T14:18:20,0
2021-07-15T14:36:17,0
2021-07-15T14:53:28,0
2021-07-15T15:07:33,0
2021-07-15T15:18:44,0
2021-07-15T15:25:50,0
2021-07-15T15:38:54,0
2021-07-15T15:48:56,0
2021-07-15T15:59:06,0
2021-07-15T16:21:50,0
2021-07-15T16:33:56,0
2021-07-15T16:39:43,0
2021-07-15T16:53:50,0
2021-07-15T17:09:20,0
2021-07-15T17:29:26,0
2021-07-15T17:43:29,0
2021-07-15T17:43:29,0
2021-07-15T18:08:00,0
2021-07-15T18:27:35,0
2021-07-15T18:40:43,0
2021-07-15T18:50:23,0
2021-07-15T19:00:27,0
2021-07-15T19:22:18,0
2021-07-15T19:30:22,0
2021-07-15T19:30:22,0
2021-07-15T19:54:06,0
2021-07-15T20:33:56,0
2021-07-15T21:45:13,0
2021-07-15T22:17:52,0
2021-07-15T22:42:30,0
2021-07-15T22:52:21,0
2021-07-15T23:06:26,0
2021-07-15T23:25:14,0
2021-07-15T23:46:46,0
2021-07-15T23:46:46,0
2021-07-16T00:21:12,0
2021-07-16T00:45:28,0
2021-07-16T00:58:59,0
2021-07-16T01:18:53,0
2021-07-16T01:29:43,0
2021-07-16T01:39:32,0
2021-07-16T01:48:16,0
2021-07-16T01:59:24,0
2021-07-16T02:28:55,0
2021-07-16T02:53:16,0
2021-07-16T03:07:27,0
2021-07-16T03:24:40,0
2021-07-16T03:33:04,0
2021-07-16T03:44:40,0
2021-07-16T03:54:27,0
2021-07-16T04:13:28,0
2021-07-16T04:35:41,0
2021-07-16T04:47:08,0
2021-07-16T04:47:08,0
2021-07-16T05:18:12,0
2021-07-16T05:36:12,0
2021-07-16T05:47:43,0
2021-07-16T05:47:43,0
2021-07-16T06:21:20,0
2021-07-16T06:37:42,0
2021-07-16T06:47:35,0
2021-07-16T06:57:32,0
2021-07-16T07:15:21,0
2021-07-16T07:27:43,0
2021-07-16T07:37:50,0
2021-07-16T07:47:44,0
2021-07-16T07:47:44,0
2021-07-16T08:29:42,0
2021-07-16T09:02:07,0
2021-07-16T09:22:51,0
2021-07-16T09:34:34,0
2021-07-16T09:48:18,0
2021-07-16T09:58:19,0
2021-07-16T10:18:10,0
2021-07-16T10:29:54,0
2021-07-16T10:39:40,0
2021-07-16T10:49:25,0
2021-07-16T10:59:35,0
2021-07-16T11:24:15,0
2021-07-16T11:47:20,0
2021-07-16T12:00:00,0
2021-07-16T12:27:32,0
2021-07-16T13:00:22,0
2021-07-16T13:31:43,0
2021-07-16T13:47:04,0
2021-07-16T13:57:07,0
2021-07-16T14:21:28,0
2021-07-16T14:43:31,0
2021-07-16T14:56:04,0
2021-07-16T15:11:51,0
2021-07-16T15:22:13,0
2021-07-16T15:32:27,0
2021-07-16T15:32:27,0
2021-07-16T15:52:14,0
2021-07-16T16:05:29,0
2021-07-16T16:24:27,0
2021-07-16T16:34:05,0
2021-07-16T16:47:28,0
2021-07-16T16:47:28,0
2021-07-16T17:17:15,0
2021-07-16T17:33:51,0
2021-07-16T17:45:15,0
2021-07-16T17:55:20,0
2021-07-16T18:11:46,0
2021-07-16T18:26:04,0
2021-07-16T18:42:40,0
2021-07-16T18:42:40,0
2021-07-16T19:05:20,0
2021-07-16T19:24:30,0
2021-07-16T19:36:17,0
2021-07-16T19:46:02,0
2021-07-16T19:55:49,0
2021-07-16T20:44:33,0
2021-07-16T21:38:17,0
2021-07-16T22:16:03,0
2021-07-16T22:42:01,0
2021-07-16T22:52:08,0
2021-07-16T23:02:55,0
2021-07-16T23:29:20,0
2021-07-16T23:46:17,0
2021-07-16T23:46:17,0
2021-07-17T00:19:38,0
2021-07-17T00:44:23,0
2021-07-17T00:58:00,0
2021-07-17T01:16:58,0
2021-07-17T01:28:20,0
2021-07-17T01:38:24,0
2021-07-17T01:48:30,0
2021-07-17T01:58:23,0
2021-07-17T02:25:44,0
2021-07-17T02:48:32,0
2021-07-17T02:48:32,0
2021-07-17T03:18:45,0
2021-07-17T03:29:55,0
2021-07-17T03:39:56,0
2021-07-17T03:39:56,0
2021-07-17T04:00:07,0
2021-07-17T04:24:51,0
2021-07-17T04:39:43,0
2021-07-17T04:49:46,0
2021-07-17T04:49:46,0
2021-07-17T05:23:54,0
2021-07-17T05:39:25,0
2021-07-17T05:49:14,0
2021-07-17T05:59:04,0
2021-07-17T06:24:04,0
2021-07-17T06:39:03,0
2021-07-17T06:48:53,0
2021-07-17T06:58:47,0
2021-07-17T07:17:03,0
2021-07-17T07:27:49,0
2021-07-17T07:27:49,0
2021-07-17T07:47:31,0
2021-07-17T07:57:18,0
2021-07-17T08:27:34,0
2021-07-17T08:58:59,0
2021-07-17T09:23:34,0
2021-07-17T09:35:18,0
2021-07-17T09:45:11,0
2021-07-17T09:55:04,0
2021-07-17T10:10:59,0
2021-07-17T10:25:30,0
2021-07-17T10:35:47,0
2021-07-17T10:35:47,0
2021-07-17T10:55:48,0
2021-07-17T11:15:41,0
2021-07-17T11:38:56,0
2021-07-17T11:52:49,0
2021-07-17T12:09:03,0
2021-07-17T12:48:33,0
2021-07-17T13:09:42,0
2021-07-17T13:33:56,0
2021-07-17T13:45:37,0
2021-07-17T13:45:37,0
2021-07-17T14:12:38,0.24
2021-07-17T14:39:46,5.62
2021-07-17T14:53:55,3.89
2021-07-17T15:19:45,4.86
2021-07-17T15:29:42,9.99
2021-07-17T15:39:29,15.5
2021-07-17T15:39:29,15.5
2021-07-17T15:59:21,22.02
2021-07-17T16:21:23,0.3
2021-07-17T16:30:21,0
2021-07-17T16:30:21,0
2021-07-17T16:52:31,0
2021-07-17T17:05:52,0
2021-07-17T17:25:32,0
2021-07-17T17:39:25,0
2021-07-17T17:49:25,0
2021-07-17T17:59:30,0
2021-07-17T18:21:39,0
2021-07-17T18:35:20,0
2021-07-17T18:45:22,0
2021-07-17T18:45:22,0
2021-07-17T19:12:16,0
2021-07-17T19:29:09,0
2021-07-17T19:41:04,0
2021-07-17T19:41:04,0
2021-07-17T20:11:20,0
2021-07-17T21:29:27,0.27
2021-07-17T22:11:17,3.26
2021-07-17T22:37:57,4.21
2021-07-17T22:50:14,1.78
2021-07-17T22:50:14,1.78
2021-07-17T23:25:56,0
2021-07-17T23:42:44,0
2021-07-17T23:52:40,0
2021-07-18T00:08:18,2.05
2021-07-18T00:37:21,2.37
2021-07-18T00:55:12,3.16
2021-07-18T01:10:46,3.39
2021-07-18T01:25:29,1
2021-07-18T01:25:29,1
2021-07-18T01:44:29,0
2021-07-18T01:55:20,0
2021-07-18T02:16:21,0
2021-07-18T02:39:17,0
2021-07-18T02:56:50,0
2021-07-18T03:15:27,0
2021-07-18T03:28:43,0
2021-07-18T03:36:45,0
2021-07-18T03:48:35,0
2021-07-18T03:48:35,0
2021-07-18T04:22:21,0
2021-07-18T04:37:11,0
2021-07-18T04:47:07,0
2021-07-18T04:56:55,0
2021-07-18T05:17:50,0
2021-07-18T05:32:15,0
2021-07-18T05:46:50,0
2021-07-18T05:46:50,0
2021-07-18T06:18:22,0
2021-07-18T06:35:52,0
2021-07-18T06:46:05,0
2021-07-18T06:55:53,0
2021-07-18T07:11:36,0
2021-07-18T07:24:59,0
2021-07-18T07:35:12,0
2021-07-18T07:44:49,0
2021-07-18T07:54:40,0
2021-07-18T08:17:01,0
2021-07-18T08:49:50,0
2021-07-18T09:07:54,0
2021-07-18T09:28:22,0
2021-07-18T09:39:16,0
2021-07-18T09:49:21,0
2021-07-18T09:59:33,0
2021-07-18T10:19:25,0
2021-07-18T10:29:45,0
2021-07-18T10:39:50,0
2021-07-18T10:49:37,0
2021-07-18T10:59:53,0
2021-07-18T11:24:52,0
2021-07-18T11:46:05,0
2021-07-18T11:55:55,0
2021-07-18T12:21:44,0
2021-07-18T12:56:46,0
2021-07-18T13:20:36,0
2021-07-18T13:37:39,0
2021-07-18T13:47:40,0
2021-07-18T13:47:40,0
2021-07-18T14:22:27,0
2021-07-18T14:43:21,0
2021-07-18T14:55:12,0
2021-07-18T15:06:32,0
2021-07-18T15:21:06,0
2021-07-18T15:31:01,0
2021-07-18T15:40:57,0
2021-07-18T15:50:59,0
2021-07-18T16:00:32,0
2021-07-18T16:22:12,0
2021-07-18T16:33:30,0
2021-07-18T16:43:38,0
2021-07-18T16:53:20,0
2021-07-18T17:07:41,0
2021-07-18T17:27:26,0
2021-07-18T17:41:19,0
2021-07-18T17:46:14,0
2021-07-18T18:02:07,0
2021-07-18T18:23:14,0
2021-07-18T18:36:44,0
2021-07-18T18:46:44,0
2021-07-18T18:46:44,0
2021-07-18T19:12:14,0
2021-07-18T19:31:23,0
2021-07-18T19:41:59,0
2021-07-18T19:41:59,0
2021-07-18T20:16:33,0
2021-07-18T21:31:58,0
2021-07-18T22:15:27,0
2021-07-18T22:41:05,0
2021-07-18T22:51:42,0
2021-07-18T23:04:08,0
2021-07-18T23:29:02,0
2021-07-18T23:46:37,0
2021-07-18T23:56:32,0
2021-07-19T00:21:41,0
2021-07-19T00:46:46,0
2021-07-19T00:59:58,0
2021-07-19T01:19:46,0
2021-07-19T01:30:16,0
2021-07-19T01:36:15,0
2021-07-19T01:48:50,0
2021-07-19T02:00:04,0
2021-07-19T02:27:21,0
2021-07-19T02:54:01,0
2021-07-19T03:09:02,0
2021-07-19T03:25:54,0
2021-07-19T03:35:44,0
2021-07-19T03:45:38,0
2021-07-19T03:55:33,0
2021-07-19T04:15:42,0
2021-07-19T04:35:32,0
2021-07-19T04:46:28,0
2021-07-19T04:46:28,0
2021-07-19T05:16:36,0
2021-07-19T05:35:43,0
2021-07-19T05:47:38,0
2021-07-19T05:47:38,0
2021-07-19T06:20:56,0
2021-07-19T06:38:03,0
2021-07-19T06:48:07,0
2021-07-19T06:58:10,0
2021-07-19T07:16:34,0
2021-07-19T07:28:16,0
2021-07-19T07:38:23,0
2021-07-19T07:38:23,0
2021-07-19T07:58:04,0
2021-07-19T08:32:12,0
2021-07-19T09:04:06,0
2021-07-19T09:29:20,0
2021-07-19T09:42:16,0
2021-07-19T09:42:16,0
2021-07-19T10:06:11,0
2021-07-19T10:23:10,0
2021-07-19T10:30:20,0
2021-07-19T10:44:02,0
2021-07-19T10:49:52,0
2021-07-19T11:11:15,0
2021-07-19T11:36:24,0
2021-07-19T11:52:42,0
2021-07-19T12:09:58,0
2021-07-19T12:50:35,0
2021-07-19T13:12:01,0
2021-07-19T13:37:01,0
2021-07-19T13:48:33,0
2021-07-19T13:48:33,0
2021-07-19T14:27:00,0
2021-07-19T14:50:57,0
2021-07-19T14:50:57,0
2021-07-19T15:17:45,0
2021-07-19T15:27:45,0
2021-07-19T15:37:38,0
2021-07-19T15:47:28,0
2021-07-19T15:57:32,0
2021-07-19T16:18:35,0.19
2021-07-19T16:32:12,0
2021-07-19T16:32:12,0
2021-07-19T16:52:09,0
2021-07-19T17:03:50,0
2021-07-19T17:24:39,0
2021-07-19T17:38:54,0
2021-07-19T17:48:54,0
2021-07-19T17:58:36,0
2021-07-19T18:20:44,0
2021-07-19T18:30:17,0
2021-07-19T18:30:17,0
2021-07-19T18:54:44,0
2021-07-19T19:11:40,0
2021-07-19T19:28:42,0
2021-07-19T19:40:39,0
2021-07-19T19:50:19,0
2021-07-19T20:00:08,0
2021-07-19T21:16:17,0
2021-07-19T22:13:41,0
2021-07-19T22:41:14,0
2021-07-19T22:53:01,0
2021-07-19T23:08:36,0
2021-07-19T23:32:05,0
2021-07-19T23:47:35,0
2021-07-19T23:57:23,0
2021-07-20T00:24:05,0
2021-07-20T00:59:41,0
2021-07-20T01:19:20,0
2021-07-20T01:29:59,0
2021-07-20T01:39:50,0
2021-07-20T01:48:15,0
2021-07-20T01:48:15,0
2021-07-20T02:28:58,0
2021-07-20T02:53:29,0
2021-07-20T03:07:53,0
2021-07-20T03:25:05,0
2021-07-20T03:34:59,0
2021-07-20T03:45:04,0
2021-07-20T03:45:04,0
2021-07-20T04:12:16,0
2021-07-20T04:34:44,0
2021-07-20T04:46:08,0
2021-07-20T04:46:08,0
2021-07-20T05:16:02,0
2021-07-20T05:35:10,0
2021-07-20T05:47:26,0
2021-07-20T05:47:26,0
2021-07-20T06:20:05,0
2021-07-20T06:36:44,0
2021-07-20T06:47:27,0
2021-07-20T06:59:35,0
2021-07-20T07:15:11,0
2021-07-20T07:24:14,0
2021-07-20T07:33:00,0
2021-07-20T07:33:00,0
2021-07-20T07:57:17,0
2021-07-20T08:28:42,0
2021-07-20T09:02:01,0
2021-07-20T09:27:13,0
2021-07-20T09:40:09,0
2021-07-20T09:40:09,0
2021-07-20T09:59:56,0
2021-07-20T10:20:09,0
2021-07-20T10:30:28,0
2021-07-20T10:40:31,0
2021-07-20T10:50:28,0
2021-07-20T11:00:10,0
2021-07-20T11:24:13,0
2021-07-20T11:44:54,0
2021-07-20T11:57:46,0
2021-07-20T12:29:45,0
2021-07-20T13:04:24,0
2021-07-20T13:29:52,0
2021-07-20T13:45:42,0
2021-07-20T13:55:34,0
2021-07-20T14:16:38,0
2021-07-20T14:41:11,0
2021-07-20T14:55:18,0
2021-07-20T15:10:35,0
2021-07-20T15:21:41,0
2021-07-20T15:31:34,0
2021-07-20T15:38:18,0
2021-07-20T15:48:14,0
2021-07-20T16:03:11,0
2021-07-20T16:24:40,0
2021-07-20T16:37:33,0
2021-07-20T16:47:27,0
2021-07-20T16:57:15,0
2021-07-20T17:16:54,0
2021-07-20T17:33:39,0
2021-07-20T17:44:55,0
2021-07-20T17:54:58,0
2021-07-20T18:09:02,0
2021-07-20T18:31:10,0
2021-07-20T18:42:53,0
2021-07-20T18:52:44,0
2021-07-20T19:06:46,0
2021-07-20T19:24:14,0
2021-07-20T19:32:19,0
2021-07-20T19:45:57,0
2021-07-20T19:56:06,0
2021-07-20T20:49:52,0
2021-07-20T21:50:01,0
2021-07-20T22:19:05,0
2021-07-20T22:43:31,0
2021-07-20T22:53:24,0
2021-07-20T23:09:12,0
2021-07-20T23:33:12,0
2021-07-20T23:48:14,0
2021-07-20T23:58:25,0
2021-07-21T00:27:33,0
2021-07-21T00:51:28,0
2021-07-21T01:02:28,0
2021-07-21T01:21:04,0
2021-07-21T01:31:04,0
2021-07-21T01:31:04,0
2021-07-21T01:50:51,0
2021-07-21T02:00:36,0
2021-07-21T02:29:54,0
2021-07-21T02:53:35,0
2021-07-21T03:07:58,0
2021-07-21T03:25:12,0
2021-07-21T03:34:59,0
2021-07-21T03:44:48,0
2021-07-21T03:54:50,0
2021-07-21T04:13:56,0
2021-07-21T04:34:18,0
2021-07-21T04:46:01,0
2021-07-21T04:55:56,0
2021-07-21T05:15:24,0
2021-07-21T05:35:07,0
2021-07-21T05:47:27,0
2021-07-21T05:57:21,0
2021-07-21T06:20:04,0
2021-07-21T06:37:07,0
2021-07-21T06:47:14,0
2021-07-21T06:57:11,0
2021-07-21T07:14:32,0
2021-07-21T07:26:56,0
2021-07-21T07:36:59,0
2021-07-21T07:46:56,0
2021-07-21T07:46:56,0
2021-07-21T08:25:38,0
2021-07-21T08:58:43,0
2021-07-21T09:25:08,0
2021-07-21T09:38:19,0
2021-07-21T09:48:07,0
2021-07-21T09:57:53,0
2021-07-21T10:17:37,0
2021-07-21T10:29:39,0
2021-07-21T10:39:33,0
2021-07-21T10:49:20,0
2021-07-21T10:49:20,0
2021-07-21T11:24:12,0
2021-07-21T11:46:31,0
2021-07-21T11:46:31,0
2021-07-21T12:25:07,0.13
2021-07-21T13:02:53,0
2021-07-21T13:29:57,0
2021-07-21T13:46:50,0
2021-07-21T13:55:57,0
2021-07-21T14:19:58,0
2021-07-21T14:42:38,0
2021-07-21T14:55:44,0
2021-07-21T15:11:18,0
2021-07-21T15:21:50,0
2021-07-21T15:32:19,0
2021-07-21T15:42:04,0
2021-07-21T15:48:13,0
2021-07-21T16:05:13,0
2021-07-21T16:24:42,0
2021-07-21T16:40:14,0
2021-07-21T16:50:50,0
2021-07-21T17:01:06,0
2021-07-21T17:23:50,0
2021-07-21T17:38:53,0
2021-07-21T17:48:40,0
2021-07-21T17:54:23,0
2021-07-21T18:21:00,0
2021-07-21T18:30:21,0
2021-07-21T18:30:21,0
2021-07-21T18:54:48,0
2021-07-21T19:12:01,0
2021-07-21T19:29:16,0
2021-07-21T19:41:09,0
2021-07-21T19:41:09,0
2021-07-21T20:11:52,0
2021-07-21T21:30:22,0
2021-07-21T22:19:10,0
2021-07-21T22:44:34,0
2021-07-21T22:54:35,0
2021-07-21T23:12:13,0
2021-07-21T23:33:54,0
2021-07-21T23:48:14,0
2021-07-21T23:57:59,0
2021-07-22T00:26:30,0
2021-07-22T00:50:28,0
2021-07-22T00:50:28,0
2021-07-22T01:17:53,0
2021-07-22T01:24:14,0
2021-07-22T01:38:06,0
2021-07-22T01:47:44,0
2021-07-22T01:57:37,0
2021-07-22T02:24:48,0
2021-07-22T02:49:39,0
2021-07-22T02:59:38,0
2021-07-22T03:20:21,0
2021-07-22T03:31:06,0
2021-07-22T03:41:03,0
2021-07-22T03:41:03,0
2021-07-22T04:00:43,0
2021-07-22T04:25:36,0
2021-07-22T04:36:13,0
2021-07-22T04:50:35,0
2021-07-22T05:00:39,0
2021-07-22T05:25:08,0
2021-07-22T05:41:13,0
2021-07-22T05:51:05,0
2021-07-22T06:01:47,0
2021-07-22T06:26:34,0
2021-07-22T06:41:49,0
2021-07-22T06:41:49,0
2021-07-22T07:02:30,0
2021-07-22T07:20:02,0
2021-07-22T07:29:48,0
2021-07-22T07:39:45,0
2021-07-22T07:48:14,0
2021-07-22T07:59:16,0
2021-07-22T08:36:38,0
2021-07-22T09:04:56,0
2021-07-22T09:24:12,0
2021-07-22T09:42:46,0
2021-07-22T09:52:50,0
2021-07-22T10:06:49,0
2021-07-22T10:23:33,0
2021-07-22T10:33:57,0
2021-07-22T10:44:01,0
2021-07-22T10:53:43,0
2021-07-22T11:10:33,0
2021-07-22T11:36:11,0
2021-07-22T11:53:32,0
2021-07-22T12:12:12,0
2021-07-22T12:54:16,0
2021-07-22T13:18:54,0
2021-07-22T13:40:03,0
2021-07-22T13:50:04,0
2021-07-22T13:50:04,0
2021-07-22T14:28:29,0
2021-07-22T14:50:43,0
2021-07-22T14:56:08,0
2021-07-22T15:17:17,0
2021-07-22T15:27:13,0
2021-07-22T15:37:12,0
2021-07-22T15:46:59,0
2021-07-22T16:03:00,0
2021-07-22T16:17:26,0
2021-07-22T16:32:44,0
2021-07-22T16:41:00,0
2021-07-22T16:41:00,0
2021-07-22T17:05:48,0
2021-07-22T17:26:43,0
2021-07-22T17:37:04,0
2021-07-22T17:37:04,0
2021-07-22T18:01:32,0
2021-07-22T18:23:05,0
2021-07-22T18:36:53,0
2021-07-22T18:36:53,0
2021-07-22T18:56:41,0
2021-07-22T19:16:13,0
2021-07-22T19:31:09,0
2021-07-22T19:41:56,0
2021-07-22T19:41:56,0
2021-07-22T20:17:24,0
2021-07-22T21:33:38,0
2021-07-22T22:16:17,0
2021-07-22T22:41:41,0
2021-07-22T22:49:18,0
2021-07-22T23:00:21,0
2021-07-22T23:28:40,0
2021-07-22T23:46:20,0
2021-07-22T23:56:09,0
2021-07-23T00:20:41,0
2021-07-23T00:45:47,0
2021-07-23T00:55:29,0
2021-07-23T01:19:20,0
2021-07-23T01:29:57,0
2021-07-23T01:39:46,0
2021-07-23T01:49:46,0
2021-07-23T01:59:37,0
2021-07-23T02:29:24,0
2021-07-23T02:53:29,0
2021-07-23T03:07:59,0
2021-07-23T03:24:51,0
2021-07-23T03:34:49,0
2021-07-23T03:44:46,0
2021-07-23T03:54:28,0
2021-07-23T04:13:01,0
2021-07-23T04:34:09,0
2021-07-23T04:45:49,0
2021-07-23T04:55:42,0
2021-07-23T05:14:48,0
2021-07-23T05:34:35,0
2021-07-23T05:47:25,0
2021-07-23T05:47:25,0
2021-07-23T06:20:01,0
2021-07-23T06:36:16,0
2021-07-23T06:43:42,0
2021-07-23T06:57:32,0
2021-07-23T07:15:19,0
2021-07-23T07:27:44,0
2021-07-23T07:36:49,0
2021-07-23T07:36:49,0
2021-07-23T07:57:19,0
2021-07-23T08:28:18,0
2021-07-23T09:01:27,0
2021-07-23T09:26:48,0
2021-07-23T09:39:17,0
2021-07-23T09:49:22,0
2021-07-23T09:59:07,0
2021-07-23T10:19:52,0
2021-07-23T10:30:45,0
2021-07-23T10:40:34,0
2021-07-23T10:40:34,0
2021-07-23T10:56:23,0
2021-07-23T11:24:44,0
2021-07-23T11:47:17,0
2021-07-23T11:57:00,0
2021-07-23T12:27:32,0
2021-07-23T13:04:13,0
2021-07-23T13:30:23,0
2021-07-23T13:43:01,0
2021-07-23T13:56:06,0
2021-07-23T14:17:49,0
2021-07-23T14:41:45,0
2021-07-23T14:50:44,0
2021-07-23T15:10:22,0
2021-07-23T15:21:44,0
2021-07-23T15:21:44,0
2021-07-23T15:41:33,0
2021-07-23T15:51:18,0
2021-07-23T16:02:12,0
2021-07-23T16:19:52,0
2021-07-23T16:35:41,0
2021-07-23T16:35:41,0
2021-07-23T16:55:34,0
2021-07-23T17:13:20,0
2021-07-23T17:31:45,0
2021-07-23T17:44:14,0
2021-07-23T17:54:11,0
2021-07-23T18:09:33,0
2021-07-23T18:29:00,0
2021-07-23T18:41:50,0
2021-07-23T18:52:22,0
2021-07-23T19:00:31,0
2021-07-23T19:23:37,0
2021-07-23T19:35:32,0
2021-07-23T19:45:28,0
2021-07-23T19:45:28,0
2021-07-23T20:42:57,0
2021-07-23T21:44:07,0
2021-07-23T22:16:41,0
2021-07-23T22:42:19,0
2021-07-23T22:52:30,0
2021-07-23T23:02:09,0
2021-07-23T23:30:31,0
2021-07-23T23:46:57,0
2021-07-23T23:56:44,0
2021-07-24T00:20:19,0
2021-07-24T00:45:42,0
2021-07-24T00:54:55,0
2021-07-24T01:18:13,0
2021-07-24T01:24:14,0
2021-07-24T01:24:14,0
2021-07-24T01:49:06,0
2021-07-24T01:49:06,0
2021-07-24T02:27:35,0
2021-07-24T02:51:11,0
2021-07-24T03:00:32,0
2021-07-24T03:20:45,0
2021-07-24T03:20:45,0
2021-07-24T03:40:26,0
2021-07-24T03:48:16,0
2021-07-24T04:00:25,0
2021-07-24T04:24:52,0
2021-07-24T04:39:32,0
2021-07-24T04:49:18,0
2021-07-24T04:59:09,0
2021-07-24T05:21:05,0
2021-07-24T05:39:14,0
2021-07-24T05:49:01,0
2021-07-24T05:58:51,0
2021-07-24T06:23:48,0
2021-07-24T06:36:15,0
2021-07-24T06:48:49,0
2021-07-24T06:58:36,0
2021-07-24T07:17:10,0
2021-07-24T07:27:55,0
2021-07-24T07:27:55,0
2021-07-24T07:47:54,0
2021-07-24T07:47:54,0
2021-07-24T08:30:07,0
2021-07-24T09:00:37,0
2021-07-24T09:24:20,0
2021-07-24T09:35:55,0
2021-07-24T09:45:38,0
2021-07-24T09:55:44,0
2021-07-24T10:12:09,0
2021-07-24T10:24:50,0
2021-07-24T10:36:19,0
2021-07-24T10:46:09,0
2021-07-24T10:55:53,0
2021-07-24T11:16:23,0
2021-07-24T11:38:58,0
2021-07-24T11:52:58,0
2021-07-24T12:10:16,0
2021-07-24T12:44:11,0
2021-07-24T13:09:02,0
2021-07-24T13:33:31,0
2021-07-24T13:45:17,0
2021-07-24T13:55:14,0
2021-07-24T14:15:04,0
2021-07-24T14:39:38,0
2021-07-24T14:54:09,0
2021-07-24T15:08:01,0
2021-07-24T15:20:10,0
2021-07-24T15:20:10,0
2021-07-24T15:36:01,0
2021-07-24T15:49:51,0
2021-07-24T15:59:56,0
2021-07-24T16:21:35,0
2021-07-24T16:32:56,0
2021-07-24T16:42:54,0
2021-07-24T16:42:54,0
2021-07-24T17:06:20,0
2021-07-24T17:24:16,0
2021-07-24T17:40:07,0
2021-07-24T17:50:04,0
2021-07-24T18:00:04,0
2021-07-24T18:21:42,0
2021-07-24T18:35:20,0
2021-07-24T18:35:20,0
2021-07-24T18:55:01,0
2021-07-24T19:12:24,0
2021-07-24T19:29:37,0
2021-07-24T19:40:55,0
2021-07-24T19:50:48,0
2021-07-24T20:00:46,0
2021-07-24T21:12:55,0
2021-07-24T22:07:19,0
2021-07-24T22:34:14,0
2021-07-24T22:49:57,0
2021-07-24T22:49:57,0
2021-07-24T23:24:15,0
2021-07-24T23:42:48,0
2021-07-24T23:52:47,0
2021-07-25T00:08:33,0
2021-07-25T00:37:40,0
2021-07-25T00:55:28,0
2021-07-25T01:11:35,0
2021-07-25T01:26:11,0
2021-07-25T01:36:12,0
2021-07-25T01:46:04,0
2021-07-25T01:55:53,0
2021-07-25T02:17:44,0
2021-07-25T02:43:09,0
2021-07-25T02:56:59,0
2021-07-25T03:15:43,0
2021-07-25T03:24:18,0
2021-07-25T03:38:51,2.25
2021-07-25T03:48:51,1.97
2021-07-25T03:57:32,5.31
2021-07-25T04:22:02,0.56
2021-07-25T04:37:56,1.37
2021-07-25T04:47:55,2.18
2021-07-25T04:57:45,0
2021-07-25T05:19:53,0
2021-07-25T05:36:27,0
2021-07-25T05:47:12,0
2021-07-25T05:57:17,0
2021-07-25T06:19:42,0.32
2021-07-25T06:36:34,0.55
2021-07-25T06:46:26,0.6
2021-07-25T06:56:14,0.42
2021-07-25T07:12:20,0
2021-07-25T07:25:31,0
2021-07-25T07:31:00,0
2021-07-25T07:45:26,0
2021-07-25T07:55:27,0
2021-07-25T08:19:31,0
2021-07-25T08:51:16,0
2021-07-25T09:09:02,0
2021-07-25T09:29:10,0
2021-07-25T09:35:45,0
2021-07-25T09:49:58,0
2021-07-25T09:59:44,0
2021-07-25T10:19:12,0
2021-07-25T10:29:40,0
2021-07-25T10:36:16,0
2021-07-25T10:36:16,0
2021-07-25T10:59:31,0
2021-07-25T11:25:49,0
2021-07-25T11:44:59,0
2021-07-25T11:44:59,0
2021-07-25T12:17:18,0
2021-07-25T12:54:37,0
2021-07-25T13:12:20,0
2021-07-25T13:36:50,0
2021-07-25T13:43:41,0
2021-07-25T13:43:41,0
2021-07-25T14:18:50,0
2021-07-25T14:41:11,0
2021-07-25T14:54:07,0
2021-07-25T15:08:14,0
2021-07-25T15:16:56,0
2021-07-25T15:30:00,0
2021-07-25T15:40:09,0
2021-07-25T15:49:52,0
2021-07-25T16:00:02,0
2021-07-25T16:21:49,0
2021-07-25T16:33:04,0
2021-07-25T16:42:58,0
2021-07-25T16:42:58,0
2021-07-25T17:06:44,0
2021-07-25T17:26:50,0
2021-07-25T17:40:35,0
2021-07-25T17:50:23,0
2021-07-25T18:00:15,0
2021-07-25T18:21:53,0
2021-07-25T18:35:20,0
2021-07-25T18:45:05,0
2021-07-25T18:55:01,0
2021-07-25T19:11:50,0
2021-07-25T19:28:41,0
2021-07-25T19:40:29,0
2021-07-25T19:50:15,0
2021-07-25T20:00:43,0
2021-07-25T21:11:51,0
2021-07-25T22:10:08,0
2021-07-25T22:38:55,0
2021-07-25T22:51:57,0
2021-07-25T23:05:01,0
2021-07-25T23:27:35,0
2021-07-25T23:45:41,0
2021-07-25T23:55:30,0
2021-07-26T00:17:43,0
2021-07-26T00:44:21,0
2021-07-26T00:58:39,0
2021-07-26T01:18:32,0
2021-07-26T01:29:37,0.32
2021-07-26T01:29:37,0.32
2021-07-26T01:49:25,0.65
2021-07-26T01:59:16,0
2021-07-26T02:28:46,0
2021-07-26T02:53:09,0
2021-07-26T03:07:26,0
2021-07-26T03:24:45,0
2021-07-26T03:32:54,0
2021-07-26T03:44:49,0
2021-07-26T03:54:28,0
2021-07-26T04:12:12,0
2021-07-26T04:34:28,0
2021-07-26T04:45:56,0
2021-07-26T04:45:56,0
2021-07-26T05:22:04,0
2021-07-26T05:56:41,0
2021-07-26T06:32:12,0
2021-07-26T07:00:32,0
2021-07-26T07:17:26,0
2021-07-26T07:31:53,0
2021-07-26T07:31:53,0
2021-07-26T07:51:38,0
2021-07-26T08:06:32,0
2021-07-26T08:42:52,0
2021-07-26T09:09:46,0
2021-07-26T09:29:40,0
2021-07-26T09:43:07,0
2021-07-26T09:48:13,0
2021-07-26T10:02:48,0
2021-07-26T10:23:55,0
2021-07-26T10:30:04,0
2021-07-26T10:44:25,0
2021-07-26T10:54:11,0
2021-07-26T11:12:31,0
2021-07-26T11:37:07,0
2021-07-26T11:53:21,0
2021-07-26T12:12:26,0
2021-07-26T12:52:53,0
2021-07-26T13:15:42,0
2021-07-26T13:36:45,0
2021-07-26T13:42:13,0
2021-07-26T13:56:39,0
2021-07-26T14:20:49,0
2021-07-26T14:42:03,0
2021-07-26T14:57:49,0
2021-07-26T15:12:15,0
2021-07-26T15:12:15,0
2021-07-26T15:30:25,0
2021-07-26T15:42:03,0
2021-07-26T15:42:03,0
2021-07-26T16:11:59,0
2021-07-26T16:29:51,0
2021-07-26T16:41:08,0
2021-07-26T16:51:10,0
2021-07-26T17:00:59,0
2021-07-26T17:22:45,0
2021-07-26T17:37:10,0
2021-07-26T17:47:04,0
2021-07-26T17:47:04,0
2021-07-26T18:17:38,0
2021-07-26T18:33:48,0
2021-07-26T18:41:31,0
2021-07-26T18:41:31,0
2021-07-26T19:10:13,0
2021-07-26T19:24:23,0
2021-07-26T19:40:45,0
2021-07-26T19:40:45,0
2021-07-26T20:00:16,0
2021-07-26T21:13:17,0
2021-07-26T22:12:13,0
2021-07-26T22:39:52,0
2021-07-26T22:51:59,0
2021-07-26T23:05:10,0
2021-07-26T23:29:47,0
2021-07-26T23:48:13,0
2021-07-26T23:58:16,0
2021-07-27T00:24:57,0
2021-07-27T00:45:36,0
2021-07-27T00:58:20,0
2021-07-27T01:18:22,0
2021-07-27T01:29:35,0
2021-07-27T01:39:31,0
2021-07-27T01:39:31,0
2021-07-27T01:59:03,0
2021-07-27T02:28:45,0
2021-07-27T02:53:16,0
2021-07-27T03:07:58,0
2021-07-27T03:23:42,0
2021-07-27T03:35:04,0
2021-07-27T03:44:48,0
2021-07-27T03:54:23,0
2021-07-27T04:13:35,0
2021-07-27T04:34:36,0
2021-07-27T04:42:14,0
2021-07-27T04:42:14,0
2021-07-27T05:15:20,0
2021-07-27T05:47:18,0
2021-07-27T05:47:18,0
2021-07-27T06:19:15,0
2021-07-27T06:36:39,0
2021-07-27T06:46:48,0
2021-07-27T06:56:39,0
2021-07-27T07:13:13,0
2021-07-27T07:26:33,0
2021-07-27T07:36:20,0
2021-07-27T07:46:48,0
2021-07-27T07:54:12,0
2021-07-27T08:24:50,0
2021-07-27T08:57:45,0
2021-07-27T09:23:38,0
2021-07-27T09:37:12,0
2021-07-27T09:47:18,0
2021-07-27T09:47:18,0
2021-07-27T10:15:40,0
2021-07-27T10:29:00,0
2021-07-27T10:40:18,0
2021-07-27T10:50:10,0
2021-07-27T11:00:10,0
2021-07-27T11:28:01,0
2021-07-27T11:49:22,0
2021-07-27T11:54:12,0
2021-07-27T12:34:55,0
2021-07-27T13:05:24,0
2021-07-27T13:31:14,0
2021-07-27T13:42:27,0
2021-07-27T13:54:13,0
2021-07-27T14:19:58,0
2021-07-27T14:42:39,0
2021-07-27T14:55:55,0
2021-07-27T15:10:24,0
2021-07-27T15:22:31,0
2021-07-27T15:30:27,0
2021-07-27T15:42:27,0
2021-07-27T15:42:27,0
2021-07-27T16:05:58,0
2021-07-27T16:24:02,0
2021-07-27T16:35:10,0
2021-07-27T16:44:55,0
2021-07-27T16:54:47,0
2021-07-27T17:11:08,0
2021-07-27T17:30:17,0
2021-07-27T17:43:38,0
2021-07-27T17:53:36,0
2021-07-27T18:08:49,0
2021-07-27T18:25:51,0
2021-07-27T18:41:52,0
2021-07-27T18:51:39,0
2021-07-27T19:02:49,0
2021-07-27T19:24:15,0
2021-07-27T19:33:15,0
2021-07-27T19:46:24,0
2021-07-27T19:56:15,0
2021-07-27T20:52:12,0
2021-07-27T21:53:41,0
2021-07-27T22:25:17,0
2021-07-27T22:47:16,0
2021-07-27T22:57:03,0
2021-07-27T23:20:01,0
2021-07-27T23:38:22,0
2021-07-27T23:47:50,0
2021-07-28T00:00:21,0
2021-07-28T00:30:04,0
2021-07-28T00:53:34,0
2021-07-28T01:08:42,1.21
2021-07-28T01:24:24,0
2021-07-28T01:35:38,0
2021-07-28T01:45:36,0.3
2021-07-28T01:45:36,0.3
2021-07-28T02:14:12,0
2021-07-28T02:44:44,0.87
2021-07-28T02:59:08,0.12
2021-07-28T03:19:51,0.12
2021-07-28T03:30:34,0.25
2021-07-28T03:39:44,0.15
2021-07-28T03:48:47,0
2021-07-28T04:00:23,0
2021-07-28T04:25:06,0
2021-07-28T04:40:04,0
2021-07-28T04:49:42,0
2021-07-28T04:59:36,0
2021-07-28T05:24:43,0
2021-07-28T05:40:44,0
2021-07-28T05:50:44,0
2021-07-28T05:50:44,0
2021-07-28T06:26:04,0
2021-07-28T06:41:34,0
2021-07-28T06:41:34,0
2021-07-28T07:02:01,0
2021-07-28T07:19:38,0
2021-07-28T07:29:21,0
2021-07-28T07:34:57,0
2021-07-28T07:49:05,0
2021-07-28T07:58:58,0
2021-07-28T08:36:43,0
2021-07-28T09:08:57,0
2021-07-28T09:33:42,0
2021-07-28T09:45:32,0
2021-07-28T09:55:14,0
2021-07-28T10:11:54,0
2021-07-28T10:26:44,0
2021-07-28T10:37:06,0
2021-07-28T10:42:14,0
2021-07-28T10:57:05,0
2021-07-28T11:20:37,0
2021-07-28T11:39:56,0
2021-07-28T11:55:01,0
2021-07-28T12:20:14,0
2021-07-28T12:59:41,0
2021-07-28T13:27:51,0
2021-07-28T13:45:34,0
2021-07-28T13:45:34,0
2021-07-28T14:16:09,0
2021-07-28T14:41:23,0
2021-07-28T14:55:46,0
2021-07-28T15:11:17,0
2021-07-28T15:22:16,0
2021-07-28T15:30:28,0
2021-07-28T15:30:28,0
2021-07-28T15:52:16,0
2021-07-28T16:06:05,0
2021-07-28T16:26:07,0
2021-07-28T16:37:57,0
2021-07-28T16:47:55,0
2021-07-28T16:57:37,0
2021-07-28T17:18:24,0
2021-07-28T17:30:19,0
2021-07-28T17:45:50,0
2021-07-28T17:51:50,0
2021-07-28T18:12:42,0
2021-07-28T18:27:52,0
2021-07-28T18:38:03,0
2021-07-28T18:38:03,0
2021-07-28T18:58:07,0
2021-07-28T19:19:59,0
2021-07-28T19:30:20,0
2021-07-28T19:43:28,0
2021-07-28T19:53:17,0
2021-07-28T20:26:30,0
2021-07-28T21:39:35,0
2021-07-28T22:17:06,0
2021-07-28T22:42:15,0
2021-07-28T22:52:29,0
2021-07-28T23:07:13,0
2021-07-28T23:31:04,0
2021-07-28T23:47:17,0
2021-07-28T23:56:59,0
2021-07-29T00:22:47,0
2021-07-29T00:42:22,0
2021-07-29T00:59:42,0
2021-07-29T01:19:23,0
2021-07-29T01:30:05,0
2021-07-29T01:39:53,0
2021-07-29T01:49:52,0
2021-07-29T01:59:45,0
2021-07-29T02:29:13,0
2021-07-29T02:53:18,0
2021-07-29T03:07:55,0
2021-07-29T03:25:02,0
2021-07-29T03:25:02,0
2021-07-29T03:45:20,0
2021-07-29T03:58:31,0
2021-07-29T04:13:31,0
2021-07-29T04:33:55,0
2021-07-29T04:45:21,0
2021-07-29T04:55:18,0
2021-07-29T05:14:08,0
2021-07-29T05:30:17,0
2021-07-29T05:47:02,0
2021-07-29T05:47:02,0
2021-07-29T06:18:12,0
2021-07-29T06:36:34,0
2021-07-29T06:44:31,0
2021-07-29T06:57:04,0
2021-07-29T07:14:11,0
2021-07-29T07:26:52,0
2021-07-29T07:26:52,0
2021-07-29T07:46:41,0
2021-07-29T07:56:26,0
2021-07-29T08:25:29,0
2021-07-29T09:00:19,0
2021-07-29T09:27:52,0
2021-07-29T09:41:28,0
2021-07-29T09:51:12,0
2021-07-29T10:02:09,0
2021-07-29T10:21:02,0
2021-07-29T10:28:03,0
2021-07-29T10:28:03,0
2021-07-29T10:50:48,0
2021-07-29T11:01:00,0
2021-07-29T11:27:32,0
2021-07-29T11:47:54,0
2021-07-29T11:47:54,0
2021-07-29T12:31:14,0
2021-07-29T13:05:20,0
2021-07-29T13:30:19,0
2021-07-29T13:49:39,0
2021-07-29T13:54:13,0
2021-07-29T14:17:30,0
2021-07-29T14:42:13,0.12
2021-07-29T14:57:30,0.37
2021-07-29T15:14:20,0
2021-07-29T15:24:36,0
2021-07-29T15:30:20,0
2021-07-29T15:30:20,0
2021-07-29T15:54:14,0
2021-07-29T16:11:19,0
2021-07-29T16:29:31,0
2021-07-29T16:41:01,0
2021-07-29T16:50:48,1
2021-07-29T17:01:01,1.3
2021-07-29T17:22:46,1.58
2021-07-29T17:37:18,3.17
2021-07-29T17:37:18,3.17
2021-07-29T17:56:58,10.47
2021-07-29T18:18:33,21.14
2021-07-29T18:33:52,24.83
2021-07-29T18:43:53,6.03
2021-07-29T18:51:16,4.3
2021-07-29T19:09:17,4.21
2021-07-29T19:27:44,1.48
2021-07-29T19:39:34,0
2021-07-29T19:49:16,0
2021-07-29T19:59:29,0
2021-07-29T21:13:01,0
2021-07-29T22:14:14,0
2021-07-29T22:41:58,0
2021-07-29T22:53:33,0
2021-07-29T23:09:45,0
2021-07-29T23:30:20,0
2021-07-29T23:47:21,0
2021-07-29T23:57:22,0
2021-07-30T00:24:10,0
2021-07-30T00:48:31,0
2021-07-30T01:00:34,0
2021-07-30T01:19:56,0
2021-07-30T01:30:05,0
2021-07-30T01:37:29,0
2021-07-30T01:49:50,0
2021-07-30T01:59:58,0
2021-07-30T02:29:24,0
2021-07-30T02:53:16,0
2021-07-30T03:03:00,0
2021-07-30T03:24:23,0
2021-07-30T03:24:23,0
2021-07-30T03:44:35,0
2021-07-30T03:54:18,0
2021-07-30T04:13:06,0
2021-07-30T04:34:03,0
2021-07-30T04:42:18,0
2021-07-30T04:42:18,0
2021-07-30T05:14:10,0
2021-07-30T05:33:58,0
2021-07-30T05:46:57,0
2021-07-30T05:54:14,0
2021-07-30T06:18:00,0
2021-07-30T06:36:09,0
2021-07-30T06:46:24,0
2021-07-30T06:56:14,0
2021-07-30T07:12:28,0
2021-07-30T07:23:56,0
2021-07-30T07:23:56,0
2021-07-30T07:45:50,0
2021-07-30T07:55:45,0
2021-07-30T08:21:40,0
2021-07-30T08:56:33,0
2021-07-30T09:19:36,0
2021-07-30T09:36:37,0
2021-07-30T09:36:37,0
2021-07-30T09:54:13,0
2021-07-30T10:14:10,0
2021-07-30T10:28:09,0
2021-07-30T10:38:22,0
2021-07-30T10:48:24,0
2021-07-30T10:53:20,0
2021-07-30T11:23:28,0
2021-07-30T11:43:11,0
2021-07-30T11:54:54,0
2021-07-30T12:17:15,0
2021-07-30T12:56:10,0
2021-07-30T13:20:34,0
2021-07-30T13:38:46,0
2021-07-30T13:44:21,0
2021-07-30T13:58:35,0
2021-07-30T14:26:25,0
2021-07-30T14:47:59,0
2021-07-30T14:57:57,0
2021-07-30T15:15:15,0
2021-07-30T15:25:11,0
2021-07-30T15:25:11,0
2021-07-30T15:44:49,0
2021-07-30T15:54:36,0
2021-07-30T16:11:51,0
2021-07-30T16:29:24,0
2021-07-30T16:40:54,0
2021-07-30T16:50:44,0
2021-07-30T17:00:38,0
2021-07-30T17:22:01,0
2021-07-30T17:36:00,0
2021-07-30T17:45:51,0
2021-07-30T17:45:51,0
2021-07-30T18:13:49,0
2021-07-30T18:31:46,0
2021-07-30T18:42:32,0
2021-07-30T18:52:35,0
2021-07-30T19:06:35,0
2021-07-30T19:25:28,0
2021-07-30T19:37:27,0
2021-07-30T19:47:25,0
2021-07-30T19:54:15,0
2021-07-30T20:56:25,0
2021-07-30T21:54:25,0
2021-07-30T22:31:44,0
2021-07-30T22:49:18,0
2021-07-30T22:59:12,0
2021-07-30T23:25:03,0
2021-07-30T23:37:49,0
2021-07-30T23:37:49,0
2021-07-31T00:05:40,0
2021-07-31T00:31:46,0
2021-07-31T00:54:39,0
2021-07-31T01:06:17,0
2021-07-31T01:25:03,0
2021-07-31T01:25:03,0
2021-07-31T01:44:59,0
2021-07-31T01:44:59,0
2021-07-31T02:14:39,0
2021-07-31T02:40:58,0
2021-07-31T02:55:08,0
2021-07-31T03:11:14,0
2021-07-31T03:26:37,0
2021-07-31T03:38:11,0
2021-07-31T03:48:19,0
2021-07-31T03:58:14,0
2021-07-31T04:22:00,0
2021-07-31T04:37:08,0
2021-07-31T04:37:08,0
2021-07-31T04:57:01,0
2021-07-31T05:18:01,0
2021-07-31T05:35:24,0
2021-07-31T05:46:45,0
2021-07-31T05:56:39,0
2021-07-31T06:13:53,0
2021-07-31T06:35:06,0
2021-07-31T06:45:33,0
2021-07-31T06:55:21,0
2021-07-31T07:06:17,0
2021-07-31T07:24:38,0
2021-07-31T07:34:48,0
2021-07-31T07:34:48,0
2021-07-31T07:54:16,0
2021-07-31T08:15:48,0
2021-07-31T08:50:10,0
2021-07-31T09:06:19,0
2021-07-31T09:29:18,0
2021-07-31T09:40:09,0
2021-07-31T09:50:06,0
2021-07-31T10:00:00,0
2021-07-31T10:14:53,0
2021-07-31T10:29:39,0
2021-07-31T10:29:39,0
2021-07-31T10:49:31,0
2021-07-31T10:59:48,0
2021-07-31T11:25:35,0
2021-07-31T11:44:26,0
2021-07-31T11:54:21,0
2021-07-31T12:14:12,0
2021-07-31T12:53:03,0
2021-07-31T13:14:17,0
2021-07-31T13:36:32,0
2021-07-31T13:46:45,0
2021-07-31T13:54:07,0
2021-07-31T14:18:18,0
2021-07-31T14:42:50,0
2021-07-31T14:55:34,0
2021-07-31T15:10:40,0
2021-07-31T15:21:36,0
2021-07-31T15:21:36,0
2021-07-31T15:41:34,0
2021-07-31T15:51:11,0
2021-07-31T16:02:16,0
2021-07-31T16:23:07,0
2021-07-31T16:34:18,0
2021-07-31T16:44:27,0
2021-07-31T16:53:55,0
2021-07-31T17:09:32,0
2021-07-31T17:28:18,0
2021-07-31T17:40:45,0
2021-07-31T17:40:45,0
2021-07-31T18:03:47,0
2021-07-31T18:24:09,0
2021-07-31T18:33:32,0
2021-07-31T18:33:32,0
2021-07-31T18:57:56,0
2021-07-31T19:19:25,0
2021-07-31T19:30:32,0
2021-07-31T19:42:29,0
2021-07-31T19:42:29,0
2021-07-31T20:18:19,0
2021-07-31T21:42:48,0
2021-07-31T22:18:19,0
2021-07-31T22:45:26,0
2021-07-31T22:45:26,0
2021-07-31T23:14:23,0
2021-07-31T23:34:33,0
2021-07-31T23:47:53,0
2021-07-31T23:54:16,0
2021-08-01T00:25:12,0
2021-08-01T00:48:51,0
2021-08-01T00:59:43,0
2021-08-01T01:18:50,0
2021-08-01T01:29:20,0
2021-08-01T01:39:04,0
2021-08-01T01:49:07,0
2021-08-01T01:54:17,0
2021-08-01T02:27:41,0
2021-08-01T02:51:20,0
2021-08-01T03:00:03,0
2021-08-01T03:20:35,0
2021-08-01T03:20:35,0
2021-08-01T03:40:12,0
2021-08-01T03:50:20,0
2021-08-01T04:00:09,0
2021-08-01T04:24:34,0
2021-08-01T04:38:58,0
2021-08-01T04:49:03,0
2021-08-01T04:49:03,0
2021-08-01T05:22:12,0
2021-08-01T05:37:40,0
2021-08-01T05:47:47,0
2021-08-01T05:54:17,0
2021-08-01T06:19:50,0
2021-08-01T06:36:45,0
2021-08-01T06:46:41,0
2021-08-01T06:56:34,0
2021-08-01T07:12:53,0
2021-08-01T07:25:36,0
2021-08-01T07:35:34,0
2021-08-01T07:45:24,0
2021-08-01T07:55:11,0
2021-08-01T08:19:22,0
2021-08-01T08:50:48,0
2021-08-01T09:09:22,0
2021-08-01T09:28:54,0
2021-08-01T09:40:06,0
2021-08-01T09:49:49,0
2021-08-01T09:59:52,0
2021-08-01T10:19:14,0
2021-08-01T10:29:48,0
2021-08-01T10:37:42,0
2021-08-01T10:44:44,0
2021-08-01T10:59:35,0
2021-08-01T11:25:33,0
2021-08-01T11:41:50,0
2021-08-01T11:54:18,0
2021-08-01T12:12:56,0
2021-08-01T12:53:06,0
2021-08-01T13:13:34,0
2021-08-01T13:30:19,0
2021-08-01T13:45:44,0
2021-08-01T13:54:16,0
2021-08-01T14:16:18,1.17
2021-08-01T14:39:49,0.27
2021-08-01T14:53:17,0
2021-08-01T15:07:36,0
2021-08-01T15:20:04,0
2021-08-01T15:20:04,0
2021-08-01T15:39:44,0
2021-08-01T15:39:44,0
2021-08-01T15:58:11,0
2021-08-01T16:19:34,0
2021-08-01T16:35:48,0
2021-08-01T16:45:37,0
2021-08-01T16:45:37,0
2021-08-01T17:12:32,0
2021-08-01T17:30:09,0
2021-08-01T17:42:54,0
2021-08-01T17:52:43,0
2021-08-01T18:06:27,0
2021-08-01T18:25:50,0
2021-08-01T18:38:49,0
2021-08-01T18:44:37,0
2021-08-01T18:58:43,0
2021-08-01T19:20:56,0
2021-08-01T19:30:19,0
2021-08-01T19:30:19,0
2021-08-01T19:52:14,0
2021-08-01T20:20:14,6.48
2021-08-01T21:35:01,0
2021-08-01T22:14:38,0
2021-08-01T22:40:47,0
2021-08-01T22:51:45,0
2021-08-01T23:04:07,0
2021-08-01T23:28:10,0
2021-08-01T23:44:58,0
2021-08-01T23:54:17,0
2021-08-02T00:15:13,0
2021-08-02T00:43:20,0
2021-08-02T00:58:03,0
2021-08-02T01:16:58,0
2021-08-02T01:28:41,0
2021-08-02T01:38:36,0
2021-08-02T01:48:50,0
2021-08-02T01:59:04,0
2021-08-02T02:28:03,0
2021-08-02T02:52:05,0
2021-08-02T03:04:44,0
2021-08-02T03:22:31,0
2021-08-02T03:32:32,0
2021-08-02T03:32:32,0
2021-08-02T03:52:15,0
2021-08-02T04:07:14,0
2021-08-02T04:30:55,0
2021-08-02T04:44:43,0
2021-08-02T04:54:44,0
2021-08-02T05:12:31,0
2021-08-02T05:32:34,0
2021-08-02T05:46:12,0
2021-08-02T05:56:13,0
2021-08-02T06:17:03,0
2021-08-02T06:34:44,0
2021-08-02T06:46:40,0
2021-08-02T06:56:27,0
2021-08-02T07:13:07,0
2021-08-02T07:26:14,0
2021-08-02T07:26:14,0
2021-08-02T07:46:05,0
2021-08-02T07:46:05,0
2021-08-02T08:21:38,0
2021-08-02T08:57:00,0
2021-08-02T09:22:47,0
2021-08-02T09:37:00,0
2021-08-02T09:37:00,0
2021-08-02T09:56:56,0
2021-08-02T10:15:15,0
2021-08-02T10:28:45,0
2021-08-02T10:39:08,0
2021-08-02T10:39:08,0
2021-08-02T11:00:07,0
2021-08-02T11:24:51,0
2021-08-02T11:44:15,0
2021-08-02T11:55:06,0
2021-08-02T12:16:49,0
2021-08-02T12:57:44,0
2021-08-02T13:23:53,0
2021-08-02T13:41:33,0
2021-08-02T13:41:33,0
2021-08-02T14:02:57,0
2021-08-02T14:30:42,0
2021-08-02T14:51:09,0
2021-08-02T15:01:23,0
2021-08-02T15:15:40,0
2021-08-02T15:15:40,0
2021-08-02T15:35:36,0
2021-08-02T15:45:10,0
2021-08-02T15:45:10,0
2021-08-02T16:13:59,0
2021-08-02T16:32:38,0
2021-08-02T16:43:30,0
2021-08-02T16:53:19,0
2021-08-02T17:07:10,0
2021-08-02T17:26:01,0
2021-08-02T17:39:39,0
2021-08-02T17:49:21,0
2021-08-02T17:49:21,0
2021-08-02T18:21:49,0
2021-08-02T18:35:49,0
2021-08-02T18:45:46,0
2021-08-02T18:55:46,0
2021-08-02T19:13:24,0
2021-08-02T19:30:30,0
2021-08-02T19:41:40,0
2021-08-02T19:41:40,0
2021-08-02T20:13:24,0
2021-08-02T21:33:18,0
2021-08-02T22:21:55,0
2021-08-02T22:45:44,0
2021-08-02T22:55:31,0
2021-08-02T23:13:25,0
2021-08-02T23:35:25,0
2021-08-02T23:48:35,0
2021-08-02T23:48:35,0
2021-08-03T00:26:48,0
2021-08-03T00:46:08,0
2021-08-03T00:46:08,0
2021-08-03T01:19:19,0
2021-08-03T01:27:10,0
2021-08-03T01:39:27,0
2021-08-03T01:49:17,0
2021-08-03T01:59:13,0
2021-08-03T02:27:59,0
2021-08-03T02:48:14,0
2021-08-03T03:02:43,0
2021-08-03T03:21:28,0
2021-08-03T03:31:27,0
2021-08-03T03:41:17,0
2021-08-03T03:41:17,0
2021-08-03T04:02:52,0
2021-08-03T04:27:34,0
2021-08-03T04:39:30,0
2021-08-03T04:52:51,0
2021-08-03T05:07:13,0
2021-08-03T05:29:22,0
2021-08-03T05:45:10,0
2021-08-03T05:45:10,0
2021-08-03T06:15:16,0
2021-08-03T06:38:08,0
2021-08-03T06:50:03,0
2021-08-03T06:59:52,0
2021-08-03T07:17:58,0
2021-08-03T07:28:22,0
2021-08-03T07:38:19,0
2021-08-03T07:48:14,0
2021-08-03T07:58:20,0
2021-08-03T08:34:13,0
2021-08-03T09:05:30,0
2021-08-03T09:30:52,0
2021-08-03T09:42:46,0
2021-08-03T09:52:30,0
2021-08-03T10:06:05,0
2021-08-03T10:23:06,0
2021-08-03T10:33:27,0
2021-08-03T10:43:20,0
2021-08-03T10:43:20,0
2021-08-03T11:08:42,0
2021-08-03T11:33:51,0
2021-08-03T11:50:58,0
2021-08-03T12:01:21,0
2021-08-03T12:41:41,0
2021-08-03T13:15:29,0
2021-08-03T13:43:27,0
2021-08-03T13:54:06,0
2021-08-03T14:07:25,0
2021-08-03T14:41:58,0
2021-08-03T15:02:16,0
2021-08-03T15:23:08,0
2021-08-03T15:33:30,0
2021-08-03T15:40:25,0
2021-08-03T15:53:37,0
2021-08-03T16:10:34,0
2021-08-03T16:34:07,0
2021-08-03T16:47:07,0
2021-08-03T16:47:07,0
2021-08-03T17:17:00,0
2021-08-03T17:34:02,0
2021-08-03T17:45:15,0
2021-08-03T17:55:07,0
2021-08-03T18:12:31,0
2021-08-03T18:31:07,0
2021-08-03T18:42:46,0
2021-08-03T18:52:35,0
2021-08-03T19:06:48,0
2021-08-03T19:25:52,0
2021-08-03T19:37:40,0
2021-08-03T19:37:40,0
2021-08-03T19:57:26,0
2021-08-03T20:57:33,0
2021-08-03T22:00:21,0
2021-08-03T22:35:09,0
2021-08-03T22:50:23,0
2021-08-03T22:50:23,0
2021-08-03T23:25:33,0
2021-08-03T23:42:12,0
2021-08-03T23:42:12,0
2021-08-04T00:01:51,0
2021-08-04T00:35:51,0
2021-08-04T00:55:10,0
2021-08-04T01:11:09,0
2021-08-04T01:21:10,0
2021-08-04T01:35:46,0
2021-08-04T01:35:46,0
2021-08-04T01:55:24,0
2021-08-04T02:17:00,0
2021-08-04T02:43:03,0
2021-08-04T02:57:49,0
2021-08-04T03:17:01,0
2021-08-04T03:29:32,0
2021-08-04T03:29:32,0
2021-08-04T03:49:10,0
2021-08-04T03:59:06,0
2021-08-04T04:25:14,0
2021-08-04T04:50:46,0
2021-08-04T05:00:45,0
2021-08-04T05:24:42,0
2021-08-04T05:40:26,0
2021-08-04T05:40:26,0
2021-08-04T05:59:06,0
2021-08-04T06:25:28,0
2021-08-04T06:40:21,0
2021-08-04T06:50:20,0
2021-08-04T07:00:10,0
2021-08-04T07:18:14,0
2021-08-04T07:28:29,0
2021-08-04T07:38:32,0
2021-08-04T07:38:32,0
2021-08-04T07:55:03,0
2021-08-04T09:05:25,0
2021-08-04T09:29:45,0
2021-08-04T09:41:36,0
2021-08-04T09:41:36,0
2021-08-04T10:05:36,0
2021-08-04T10:22:59,0
2021-08-04T10:33:33,0
2021-08-04T10:33:33,0
2021-08-04T10:48:12,0
2021-08-04T11:09:07,0
2021-08-04T11:35:59,0
2021-08-04T11:53:04,0
2021-08-04T12:11:28,0
2021-08-04T12:54:53,0
2021-08-04T13:22:15,0
2021-08-04T13:42:22,0
2021-08-04T13:42:22,0
2021-08-04T14:06:16,0
2021-08-04T14:39:33,0
2021-08-04T15:00:42,0
2021-08-04T15:21:41,0
2021-08-04T15:36:31,0
2021-08-04T15:46:28,0
2021-08-04T15:56:22,0
2021-08-04T16:16:43,0
2021-08-04T16:32:02,0
2021-08-04T16:32:02,0
2021-08-04T16:48:16,0
2021-08-04T17:01:39,0
2021-08-04T17:24:10,0
2021-08-04T17:36:31,0
2021-08-04T17:44:52,0
2021-08-04T17:57:53,0
2021-08-04T18:19:29,0
2021-08-04T18:33:03,0
2021-08-04T18:43:06,0
2021-08-04T18:48:14,0
2021-08-04T19:07:25,0
2021-08-04T19:26:51,0
2021-08-04T19:39:20,0
2021-08-04T19:49:21,0
2021-08-04T19:59:14,0
2021-08-04T21:09:34,0
2021-08-04T22:00:56,0
2021-08-04T22:33:43,0
2021-08-04T22:48:16,0
2021-08-04T22:58:28,0
2021-08-04T23:23:14,0
2021-08-04T23:40:01,0
2021-08-04T23:50:14,0
2021-08-04T23:50:14,0
2021-08-05T00:30:04,0
2021-08-05T00:53:07,0
2021-08-05T01:07:02,0
2021-08-05T01:23:39,0
2021-08-05T01:33:47,0
2021-08-05T01:43:39,0
2021-08-05T01:43:39,0
2021-08-05T02:10:57,0
2021-08-05T02:38:29,0
2021-08-05T02:56:24,0
2021-08-05T03:11:28,0
2021-08-05T03:28:28,0
2021-08-05T03:38:20,0
2021-08-05T03:48:06,0
2021-08-05T03:58:14,0
2021-08-05T04:22:49,0
2021-08-05T04:38:28,0
2021-08-05T04:48:14,0
2021-08-05T04:48:14,0
2021-08-05T05:20:53,0
2021-08-05T05:36:38,0
2021-08-05T05:47:44,0
2021-08-05T05:47:44,0
2021-08-05T06:20:17,0
2021-08-05T06:37:23,0
2021-08-05T06:47:36,0
2021-08-05T06:57:25,0
2021-08-05T07:14:46,0
2021-08-05T07:27:00,0
2021-08-05T07:27:00,0
2021-08-05T07:46:52,0
2021-08-05T07:56:37,0
2021-08-05T08:23:00,0
2021-08-05T09:00:54,0
2021-08-05T09:30:37,0
2021-08-05T09:43:08,0
2021-08-05T09:53:05,0
2021-08-05T10:24:06,0
2021-08-05T10:32:10,0
2021-08-05T10:44:26,0
2021-08-05T10:44:26,0
2021-08-05T11:12:19,0
2021-08-05T11:33:01,0
2021-08-05T11:51:54,0
2021-08-05T12:07:15,0
2021-08-05T12:47:45,0
2021-08-05T13:11:42,0
2021-08-05T13:36:12,0
2021-08-05T13:47:05,0
2021-08-05T13:47:05,0
2021-08-05T14:16:22,0
2021-08-05T14:43:23,0
2021-08-05T14:56:01,0
2021-08-05T15:10:37,0
2021-08-05T15:22:29,0
2021-08-05T15:32:22,0
2021-08-05T15:32:22,0
2021-08-05T15:49:43,0
2021-08-05T16:05:49,0
2021-08-05T16:26:15,0
2021-08-05T16:38:25,0
2021-08-05T16:48:12,0
2021-08-05T16:53:53,0
2021-08-05T17:15:14,0
2021-08-05T17:33:47,0
2021-08-05T17:44:39,0
2021-08-05T17:44:39,0
2021-08-05T18:11:08,0
2021-08-05T18:30:04,0
2021-08-05T18:42:08,0
2021-08-05T18:42:08,0
2021-08-05T19:02:09,0
2021-08-05T19:24:22,0
2021-08-05T19:36:12,0
2021-08-05T19:46:35,0
2021-08-05T19:46:35,0
2021-08-05T20:55:33,0
2021-08-05T21:55:31,0
2021-08-05T22:27:04,0
2021-08-05T22:47:59,0
2021-08-05T22:47:59,0
2021-08-05T23:22:00,0
2021-08-05T23:36:14,0
2021-08-05T23:49:32,0
2021-08-05T23:49:32,0
2021-08-06T00:29:35,0
2021-08-06T00:50:20,0
2021-08-06T01:06:56,0
2021-08-06T01:23:42,0
2021-08-06T01:33:49,0
2021-08-06T01:43:37,0
2021-08-06T01:53:22,0
2021-08-06T02:10:57,0
2021-08-06T02:38:46,0
2021-08-06T02:52:32,0
2021-08-06T03:13:54,0
2021-08-06T03:25:10,0
2021-08-06T03:35:17,0
2021-08-06T03:44:15,0
2021-08-06T03:58:17,0
2021-08-06T04:23:20,0
2021-08-06T04:39:14,0
2021-08-06T04:48:58,0
2021-08-06T04:58:45,0
2021-08-06T05:22:11,0
2021-08-06T05:37:55,0
2021-08-06T05:48:01,0
2021-08-06T05:48:01,0
2021-08-06T06:21:35,0
2021-08-06T06:37:40,0
2021-08-06T06:47:24,0
2021-08-06T06:57:17,0
2021-08-06T07:15:04,0
2021-08-06T07:27:17,0
