2021-06-23T14:45:47,77
2021-06-23T14:45:47,77
2021-06-23T14:56:59,76
2021-06-23T15:13:03,73
2021-06-23T15:21:48,72
2021-06-23T15:21:48,72
2021-06-23T15:40:24,70
2021-06-23T15:47:16,70
2021-06-23T15:54:55,70
2021-06-23T16:09:49,70
2021-06-23T16:28:39,70
2021-06-23T16:38:56,69
2021-06-23T16:48:15,69
2021-06-23T16:55:47,70
2021-06-23T17:12:35,69
2021-06-23T17:31:17,71
2021-06-23T17:44:21,69
2021-06-23T17:51:40,68
2021-06-23T17:51:40,68
2021-06-23T18:21:34,69
2021-06-23T18:34:27,69
2021-06-23T18:34:27,69
2021-06-23T18:50:55,70
2021-06-23T19:01:26,70
2021-06-23T19:23:36,71
2021-06-23T19:37:26,72
2021-06-23T19:47:15,72
2021-06-23T19:57:02,73
2021-06-23T20:58:06,76
2021-06-23T21:55:31,78
2021-06-23T22:23:37,86
2021-06-23T22:38:36,88
2021-06-23T22:52:32,89
2021-06-23T23:07:07,88
2021-06-23T23:26:42,90
2021-06-23T23:47:29,88
2021-06-23T23:57:32,88
2021-06-24T00:24:50,88
2021-06-24T00:48:56,88
2021-06-24T00:59:52,88
2021-06-24T01:20:08,78
2021-06-24T01:31:03,81
2021-06-24T01:40:53,82
2021-06-24T01:51:07,91
2021-06-24T02:01:21,90
2021-06-24T02:28:38,91
2021-06-24T02:54:40,91
2021-06-24T03:10:50,91
2021-06-24T03:26:48,90
2021-06-24T03:36:42,90
2021-06-24T03:36:42,90
2021-06-24T03:56:25,91
2021-06-24T04:18:06,95
2021-06-24T04:36:07,93
2021-06-24T04:46:30,93
2021-06-24T04:56:29,95
2021-06-24T05:17:20,93
2021-06-24T05:36:09,92
2021-06-24T05:48:29,92
2021-06-24T05:58:25,93
2021-06-24T06:23:54,94
2021-06-24T06:40:22,94
2021-06-24T06:50:13,94
2021-06-24T06:59:59,94
2021-06-24T07:18:36,94
2021-06-24T07:29:15,94
2021-06-24T07:36:35,90
2021-06-24T07:49:10,90
2021-06-24T07:59:14,90
2021-06-24T08:35:00,83
2021-06-24T09:02:38,82
2021-06-24T09:24:23,82
2021-06-24T09:42:41,82
2021-06-24T09:52:26,75
2021-06-24T10:01:43,76
2021-06-24T10:22:40,75
2021-06-24T10:34:17,73
2021-06-24T10:43:56,73
2021-06-24T10:49:31,72
2021-06-24T11:11:00,71
2021-06-24T11:32:27,70
2021-06-24T11:53:27,69
2021-06-24T12:13:46,69
2021-06-24T12:53:33,66
2021-06-24T13:16:38,66
2021-06-24T13:38:55,67
2021-06-24T13:49:23,66
2021-06-24T13:59:38,65
2021-06-24T14:28:33,58
2021-06-24T14:50:02,63
2021-06-24T14:59:53,63
2021-06-24T15:17:35,63
2021-06-24T15:27:23,62
2021-06-24T15:35:40,62
2021-06-24T15:47:26,63
2021-06-24T15:57:23,64
2021-06-24T16:15:26,64
2021-06-24T16:26:43,66
2021-06-24T16:38:09,65
2021-06-24T16:48:08,64
2021-06-24T16:48:08,64
2021-06-24T17:18:51,66
2021-06-24T17:41:00,68
2021-06-24T17:52:28,68
2021-06-24T18:07:46,69
2021-06-24T18:28:37,71
2021-06-24T18:41:57,71
2021-06-24T18:41:57,71
2021-06-24T19:01:49,70
2021-06-24T19:25:01,79
2021-06-24T19:38:28,85
2021-06-24T19:48:06,85
2021-06-24T19:58:12,87
2021-06-24T21:07:27,94
2021-06-24T22:07:29,97
2021-06-24T22:41:32,93
2021-06-24T22:54:49,93
2021-06-24T23:11:22,93
2021-06-24T23:35:21,92
2021-06-24T23:49:34,92
2021-06-24T23:56:06,92
2021-06-25T00:24:37,92
2021-06-25T00:52:40,85
2021-06-25T01:05:37,86
2021-06-25T01:22:57,88
2021-06-25T01:33:26,94
2021-06-25T01:43:32,94
2021-06-25T01:53:19,85
2021-06-25T02:08:18,93
2021-06-25T02:38:10,92
2021-06-25T02:57:01,92
2021-06-25T03:13:43,92
2021-06-25T03:27:14,93
2021-06-25T03:27:14,93
2021-06-25T03:46:59,93
2021-06-25T03:57:18,93
2021-06-25T04:19:35,87
2021-06-25T04:36:52,86
2021-06-25T04:46:46,92
2021-06-25T04:56:38,92
2021-06-25T05:17:38,87
2021-06-25T05:36:37,86
2021-06-25T05:48:52,86
2021-06-25T05:48:52,86
2021-06-25T06:24:08,82
2021-06-25T06:40:40,87
2021-06-25T06:40:40,87
2021-06-25T07:00:20,88
2021-06-25T07:18:43,89
2021-06-25T07:29:39,90
2021-06-25T07:39:43,94
2021-06-25T07:49:37,87
2021-06-25T07:59:25,89
2021-06-25T08:34:51,93
2021-06-25T09:04:51,88
2021-06-25T09:28:19,86
2021-06-25T09:43:26,81
2021-06-25T09:53:08,81
2021-06-25T10:07:17,80
2021-06-25T10:24:04,79
2021-06-25T10:34:59,78
2021-06-25T10:34:59,78
2021-06-25T10:54:39,76
2021-06-25T11:13:06,74
2021-06-25T11:38:48,74
2021-06-25T11:52:01,73
2021-06-25T12:19:31,71
2021-06-25T12:59:11,70
2021-06-25T13:27:36,68
2021-06-25T13:45:31,65
2021-06-25T13:45:31,65
2021-06-25T14:15:46,66
2021-06-25T14:36:38,64
2021-06-25T14:55:46,64
2021-06-25T15:11:18,65
2021-06-25T15:23:13,65
2021-06-25T15:33:08,65
2021-06-25T15:42:51,66
2021-06-25T15:52:38,66
2021-06-25T16:06:53,67
2021-06-25T16:24:13,69
2021-06-25T16:36:38,70
2021-06-25T16:36:38,70
2021-06-25T16:58:58,69
2021-06-25T17:21:19,70
2021-06-25T17:36:46,71
2021-06-25T17:36:46,71
2021-06-25T17:56:28,68
2021-06-25T18:12:48,75
2021-06-25T18:33:43,80
2021-06-25T18:44:16,85
2021-06-25T18:44:16,85
2021-06-25T19:09:59,80
2021-06-25T19:24:43,83
2021-06-25T19:41:56,83
2021-06-25T19:41:56,83
2021-06-25T20:14:30,81
2021-06-25T21:24:53,91
2021-06-25T22:09:24,93
2021-06-25T22:33:50,93
2021-06-25T22:51:58,93
2021-06-25T23:04:51,91
2021-06-25T23:25:29,91
2021-06-25T23:47:15,93
2021-06-25T23:57:05,95
2021-06-26T00:21:41,91
2021-06-26T00:46:50,92
2021-06-26T00:58:56,93
2021-06-26T01:18:39,92
2021-06-26T01:30:17,91
2021-06-26T01:40:05,92
2021-06-26T01:49:58,92
2021-06-26T02:00:01,93
2021-06-26T02:29:37,94
2021-06-26T02:53:39,90
2021-06-26T03:08:01,87
2021-06-26T03:25:08,87
2021-06-26T03:34:58,87
2021-06-26T03:44:53,87
2021-06-26T03:44:53,87
2021-06-26T04:12:26,87
2021-06-26T04:32:42,88
2021-06-26T04:44:59,88
2021-06-26T04:44:59,88
2021-06-26T05:12:10,88
2021-06-26T05:33:07,88
2021-06-26T05:46:54,88
2021-06-26T05:56:58,88
2021-06-26T06:18:32,88
2021-06-26T06:37:05,88
2021-06-26T06:47:06,88
2021-06-26T06:55:26,88
2021-06-26T07:09:09,88
2021-06-26T07:27:10,88
2021-06-26T07:27:10,88
2021-06-26T07:46:59,88
2021-06-26T07:46:59,88
2021-06-26T08:24:49,88
2021-06-26T08:56:57,86
2021-06-26T09:21:00,85
2021-06-26T09:34:04,84
2021-06-26T09:34:04,84
2021-06-26T09:54:35,79
2021-06-26T10:09:50,78
2021-06-26T10:25:25,77
2021-06-26T10:35:37,76
2021-06-26T10:35:37,76
2021-06-26T10:55:32,74
2021-06-26T11:15:46,73
2021-06-26T11:39:24,70
2021-06-26T11:54:19,69
2021-06-26T12:15:20,68
2021-06-26T12:53:49,65
2021-06-26T13:15:30,64
2021-06-26T13:37:19,62
2021-06-26T13:47:27,62
2021-06-26T13:57:39,63
2021-06-26T14:22:23,64
2021-06-26T14:43:36,63
2021-06-26T14:55:37,65
2021-06-26T15:10:41,67
2021-06-26T15:22:25,67
2021-06-26T15:32:17,69
2021-06-26T15:42:02,69
2021-06-26T15:52:19,70
2021-06-26T16:05:25,70
2021-06-26T16:25:04,71
2021-06-26T16:36:47,72
2021-06-26T16:46:54,73
2021-06-26T16:55:55,73
2021-06-26T17:16:12,75
2021-06-26T17:33:47,73
2021-06-26T17:45:26,74
2021-06-26T17:55:19,79
2021-06-26T18:09:43,80
2021-06-26T18:31:11,86
2021-06-26T18:42:55,85
2021-06-26T18:50:55,85
2021-06-26T19:06:46,84
2021-06-26T19:26:26,83
2021-06-26T19:39:03,84
2021-06-26T19:45:15,84
2021-06-26T19:59:01,84
2021-06-26T21:14:35,81
2021-06-26T22:12:59,79
2021-06-26T22:42:41,81
2021-06-26T22:54:35,81
2021-06-26T23:10:38,80
2021-06-26T23:34:45,80
2021-06-26T23:49:01,80
2021-06-26T23:59:06,81
2021-06-27T00:28:26,81
2021-06-27T00:51:56,81
2021-06-27T01:03:40,82
2021-06-27T01:21:37,82
2021-06-27T01:31:50,82
2021-06-27T01:31:50,82
2021-06-27T02:04:17,83
2021-06-27T02:33:19,82
2021-06-27T02:55:27,82
2021-06-27T03:11:53,85
2021-06-27T03:27:23,85
2021-06-27T03:27:23,85
2021-06-27T03:46:54,86
2021-06-27T03:46:54,86
2021-06-27T04:15:09,86
2021-06-27T04:35:24,86
2021-06-27T04:45:22,86
2021-06-27T04:45:22,86
2021-06-27T05:13:37,87
2021-06-27T05:33:55,87
2021-06-27T05:47:08,87
2021-06-27T05:57:14,87
2021-06-27T06:19:29,87
2021-06-27T06:34:47,87
2021-06-27T06:47:12,87
2021-06-27T06:57:14,87
2021-06-27T07:14:13,87
2021-06-27T07:27:08,86
2021-06-27T07:37:01,87
2021-06-27T07:46:40,86
2021-06-27T07:56:32,86
2021-06-27T08:24:02,85
2021-06-27T08:57:07,80
2021-06-27T09:21:31,79
2021-06-27T09:35:28,77
2021-06-27T09:35:28,77
2021-06-27T09:55:16,76
2021-06-27T10:11:25,74
2021-06-27T10:26:17,74
2021-06-27T10:33:57,73
2021-06-27T10:33:57,73
2021-06-27T10:56:11,71
2021-06-27T11:17:24,68
2021-06-27T11:40:40,68
2021-06-27T11:55:11,66
2021-06-27T12:18:12,64
2021-06-27T12:50:53,60
2021-06-27T13:16:20,60
2021-06-27T13:38:36,57
2021-06-27T13:43:36,56
2021-06-27T13:43:36,56
2021-06-27T14:24:29,55
2021-06-27T14:45:33,56
2021-06-27T14:55:57,54
2021-06-27T15:11:05,53
2021-06-27T15:19:11,53
2021-06-27T15:32:50,52
2021-06-27T15:42:33,52
2021-06-27T15:52:49,51
2021-06-27T16:03:03,53
2021-06-27T16:26:05,55
2021-06-27T16:37:28,53
2021-06-27T16:47:21,54
2021-06-27T16:57:27,55
2021-06-27T17:17:44,54
2021-06-27T17:34:26,55
2021-06-27T17:45:36,55
2021-06-27T17:45:36,55
2021-06-27T18:12:49,57
2021-06-27T18:31:24,59
2021-06-27T18:42:57,62
2021-06-27T18:52:54,63
2021-06-27T19:07:17,61
2021-06-27T19:27:06,63
2021-06-27T19:39:44,64
2021-06-27T19:49:47,69
2021-06-27T19:56:33,69
2021-06-27T21:10:16,73
2021-06-27T22:08:58,73
2021-06-27T22:41:36,79
2021-06-27T22:53:10,79
2021-06-27T23:13:54,77
2021-06-27T23:35:02,77
2021-06-27T23:50:04,78
2021-06-27T23:59:43,78
2021-06-28T00:26:14,80
2021-06-28T00:53:15,81
2021-06-28T01:07:04,81
2021-06-28T01:24:12,82
2021-06-28T01:34:45,82
2021-06-28T01:34:45,82
2021-06-28T01:54:20,82
2021-06-28T02:10:43,83
2021-06-28T02:42:52,83
2021-06-28T02:59:10,84
2021-06-28T03:16:52,84
2021-06-28T03:30:24,84
2021-06-28T03:40:08,84
2021-06-28T03:50:02,84
2021-06-28T04:00:10,85
2021-06-28T04:24:24,85
2021-06-28T04:41:01,85
2021-06-28T04:50:50,85
2021-06-28T05:00:38,85
2021-06-28T05:23:39,85
2021-06-28T05:42:58,86
2021-06-28T05:42:58,86
2021-06-28T06:05:44,89
2021-06-28T06:30:49,90
2021-06-28T06:45:19,90
2021-06-28T06:55:19,90
2021-06-28T07:10:59,90
2021-06-28T07:25:58,90
2021-06-28T07:25:58,90
2021-06-28T07:45:41,89
2021-06-28T07:55:38,89
2021-06-28T08:21:13,84
2021-06-28T08:55:06,81
2021-06-28T09:20:09,79
2021-06-28T09:37:26,77
2021-06-28T09:47:09,76
2021-06-28T09:56:25,76
2021-06-28T10:15:54,74
2021-06-28T10:29:33,73
2021-06-28T10:39:59,72
2021-06-28T10:47:25,70
2021-06-28T10:59:34,70
2021-06-28T11:25:20,68
2021-06-28T11:48:59,65
2021-06-28T11:58:57,63
2021-06-28T12:43:49,61
2021-06-28T13:32:18,59
2021-06-28T14:09:33,55
2021-06-28T14:45:08,54
2021-06-28T15:02:13,56
2021-06-28T15:19:27,55
2021-06-28T15:29:19,56
2021-06-28T15:38:57,56
2021-06-28T15:48:48,59
2021-06-28T15:58:50,60
2021-06-28T16:21:05,63
2021-06-28T16:33:24,63
2021-06-28T16:40:35,63
2021-06-28T16:53:22,65
2021-06-28T17:08:14,64
2021-06-28T17:29:11,63
2021-06-28T17:54:03,65
2021-06-28T18:09:40,67
2021-06-28T18:29:27,68
2021-06-28T18:41:36,72
2021-06-28T18:41:36,72
2021-06-28T19:02:15,74
2021-06-28T19:23:44,69
2021-06-28T19:36:55,75
2021-06-28T19:47:02,76
2021-06-28T19:56:36,78
2021-06-28T20:49:36,77
2021-06-28T21:44:07,77
2021-06-28T22:17:26,78
2021-06-28T22:44:27,78
2021-06-28T22:54:27,77
2021-06-28T23:12:25,77
2021-06-28T23:34:57,78
2021-06-28T23:49:23,79
2021-06-28T23:59:17,79
2021-06-29T00:29:01,80
2021-06-29T00:52:52,80
2021-06-29T01:06:10,80
2021-06-29T01:23:30,81
2021-06-29T01:33:53,82
2021-06-29T01:39:17,82
2021-06-29T01:53:29,81
2021-06-29T02:10:49,81
2021-06-29T02:40:12,82
2021-06-29T02:58:30,82
2021-06-29T03:18:33,83
2021-06-29T03:30:35,83
2021-06-29T03:40:15,83
2021-06-29T03:40:15,83
2021-06-29T04:00:08,83
2021-06-29T04:25:07,84
2021-06-29T04:40:50,84
2021-06-29T04:50:49,84
2021-06-29T04:50:49,84
2021-06-29T05:26:00,88
2021-06-29T05:43:22,88
2021-06-29T05:53:06,88
2021-06-29T06:08:27,88
2021-06-29T06:31:56,88
2021-06-29T06:45:38,88
2021-06-29T06:45:38,88
2021-06-29T07:11:17,88
2021-06-29T07:25:57,88
2021-06-29T07:31:20,88
2021-06-29T07:45:46,88
2021-06-29T07:45:46,88
2021-06-29T08:21:19,87
2021-06-29T08:54:58,83
2021-06-29T09:19:07,82
2021-06-29T09:34:50,81
2021-06-29T09:46:28,81
2021-06-29T09:56:31,81
2021-06-29T10:12:34,80
2021-06-29T10:29:25,79
2021-06-29T10:39:45,77
2021-06-29T10:49:56,77
2021-06-29T11:00:02,76
2021-06-29T11:25:26,73
2021-06-29T11:44:55,71
2021-06-29T11:55:33,70
2021-06-29T12:20:51,68
2021-06-29T12:58:48,66
2021-06-29T13:27:21,63
2021-06-29T13:44:08,62
2021-06-29T13:44:08,62
2021-06-29T14:15:43,62
2021-06-29T14:41:24,64
2021-06-29T14:55:53,65
2021-06-29T15:11:16,65
2021-06-29T15:23:25,66
2021-06-29T15:33:30,67
2021-06-29T15:43:26,67
2021-06-29T15:43:26,67
2021-06-29T16:07:56,70
2021-06-29T16:28:03,70
2021-06-29T16:39:54,68
2021-06-29T16:49:53,81
2021-06-29T16:59:44,81
2021-06-29T17:22:20,93
2021-06-29T17:37:27,94
2021-06-29T17:47:27,94
2021-06-29T17:47:27,94
2021-06-29T18:17:57,97
2021-06-29T18:34:47,94
2021-06-29T18:44:42,93
2021-06-29T18:54:32,94
2021-06-29T19:11:32,94
2021-06-29T19:29:49,94
2021-06-29T19:42:05,94
2021-06-29T19:51:37,94
2021-06-29T20:14:05,94
2021-06-29T21:34:12,94
2021-06-29T22:19:27,95
2021-06-29T22:46:16,96
2021-06-29T22:56:04,96
2021-06-29T23:17:03,96
2021-06-29T23:37:25,94
2021-06-29T23:49:38,94
2021-06-29T23:59:59,94
2021-06-30T00:29:24,96
2021-06-30T00:52:49,94
2021-06-30T01:06:11,95
2021-06-30T01:23:21,96
2021-06-30T01:33:29,95
2021-06-30T01:33:29,95
2021-06-30T01:53:25,94
2021-06-30T02:09:48,94
2021-06-30T02:39:22,94
2021-06-30T02:58:24,91
2021-06-30T03:18:25,91
2021-06-30T03:30:44,91
2021-06-30T03:40:36,91
2021-06-30T03:50:24,91
2021-06-30T04:00:46,91
2021-06-30T04:20:25,91
2021-06-30T04:40:34,91
2021-06-30T04:40:34,91
2021-06-30T05:00:15,91
2021-06-30T05:26:12,91
2021-06-30T05:43:30,91
2021-06-30T05:53:18,91
2021-06-30T06:09:01,91
2021-06-30T06:32:38,91
2021-06-30T06:45:57,92
2021-06-30T06:55:41,91
2021-06-30T07:11:39,92
2021-06-30T07:24:52,92
2021-06-30T07:36:40,91
2021-06-30T07:36:40,91
2021-06-30T07:56:25,91
2021-06-30T08:24:45,90
2021-06-30T08:58:51,89
2021-06-30T09:26:37,86
2021-06-30T09:41:02,86
2021-06-30T09:45:52,83
2021-06-30T09:45:52,83
2021-06-30T10:20:24,81
2021-06-30T10:31:14,81
2021-06-30T10:31:14,81
2021-06-30T10:51:19,80
2021-06-30T11:01:29,79
2021-06-30T11:28:27,79
2021-06-30T11:49:01,75
2021-06-30T12:00:12,75
2021-06-30T12:33:51,73
2021-06-30T13:06:18,71
2021-06-30T13:36:42,70
2021-06-30T13:49:36,71
2021-06-30T13:59:30,71
2021-06-30T14:28:37,69
2021-06-30T14:51:20,72
2021-06-30T15:01:30,74
2021-06-30T15:18:04,77
2021-06-30T15:28:06,78
2021-06-30T15:38:12,84
2021-06-30T15:47:52,89
2021-06-30T15:57:44,89
2021-06-30T16:18:59,89
2021-06-30T16:33:00,90
2021-06-30T16:42:42,90
2021-06-30T16:49:57,90
2021-06-30T17:06:25,90
2021-06-30T17:27:12,90
2021-06-30T17:42:00,90
2021-06-30T17:42:00,90
2021-06-30T18:04:14,90
2021-06-30T18:25:22,90
2021-06-30T18:38:39,90
2021-06-30T18:45:27,90
2021-06-30T18:59:14,90
2021-06-30T19:18:07,90
2021-06-30T19:33:26,90
2021-06-30T19:43:16,90
2021-06-30T19:53:24,90
2021-06-30T20:29:03,90
2021-06-30T21:43:48,90
2021-06-30T22:16:45,90
2021-06-30T22:39:04,90
2021-06-30T22:39:04,90
2021-06-30T23:07:12,90
2021-06-30T23:31:08,90
2021-06-30T23:47:40,90
2021-06-30T23:57:30,90
2021-07-01T00:21:43,90
2021-07-01T00:47:57,90
2021-07-01T00:59:33,89
2021-07-01T01:19:29,90
2021-07-01T01:30:12,90
2021-07-01T01:40:00,89
2021-07-01T01:49:49,89
2021-07-01T01:59:32,89
2021-07-01T02:31:21,89
2021-07-01T02:56:03,90
2021-07-01T03:13:45,90
2021-07-01T03:23:59,91
2021-07-01T03:38:32,91
2021-07-01T03:48:23,91
2021-07-01T03:58:43,91
2021-07-01T04:23:00,91
2021-07-01T04:38:44,91
2021-07-01T04:48:49,92
2021-07-01T04:58:36,91
2021-07-01T05:23:13,92
2021-07-01T05:34:56,92
2021-07-01T05:49:39,91
2021-07-01T05:59:35,91
2021-07-01T06:24:39,91
2021-07-01T06:40:06,92
2021-07-01T06:49:57,91
2021-07-01T06:49:57,91
2021-07-01T07:18:30,91
2021-07-01T07:28:55,91
2021-07-01T07:38:53,91
2021-07-01T07:48:42,91
2021-07-01T07:58:31,91
2021-07-01T08:33:47,91
2021-07-01T09:03:30,90
2021-07-01T09:27:43,89
2021-07-01T09:40:25,88
2021-07-01T09:50:15,87
2021-07-01T09:57:47,87
2021-07-01T10:20:04,85
2021-07-01T10:26:06,84
2021-07-01T10:26:06,84
2021-07-01T10:50:25,78
2021-07-01T11:00:34,77
2021-07-01T11:27:50,75
2021-07-01T11:47:15,74
2021-07-01T11:47:15,74
2021-07-01T12:33:01,73
2021-07-01T13:06:13,72
2021-07-01T13:32:51,72
2021-07-01T13:48:47,72
2021-07-01T13:48:47,72
2021-07-01T14:28:33,75
2021-07-01T14:52:22,76
2021-07-01T15:04:09,77
2021-07-01T15:22:21,77
2021-07-01T15:29:15,77
2021-07-01T15:42:28,78
2021-07-01T15:42:28,78
2021-07-01T16:06:30,74
2021-07-01T16:29:24,73
2021-07-01T16:43:45,73
2021-07-01T16:53:35,72
2021-07-01T17:04:09,72
2021-07-01T17:30:11,72
2021-07-01T17:45:11,73
2021-07-01T17:55:09,73
2021-07-01T18:11:47,74
2021-07-01T18:30:47,74
2021-07-01T18:37:11,75
2021-07-01T18:52:05,75
2021-07-01T19:04:56,75
2021-07-01T19:25:24,75
2021-07-01T19:38:52,76
2021-07-01T19:48:41,76
2021-07-01T19:48:41,76
2021-07-01T21:06:05,83
2021-07-01T22:06:37,88
2021-07-01T22:34:55,84
2021-07-01T22:47:52,83
2021-07-01T22:57:43,83
2021-07-01T23:21:22,82
2021-07-01T23:38:34,83
2021-07-01T23:50:14,84
2021-07-01T23:50:14,84
2021-07-02T00:25:36,82
2021-07-02T00:52:09,82
2021-07-02T01:04:43,83
2021-07-02T01:22:13,83
2021-07-02T01:22:13,83
2021-07-02T01:41:44,83
2021-07-02T01:51:57,82
2021-07-02T02:03:53,82
2021-07-02T02:28:57,82
2021-07-02T02:52:38,81
2021-07-02T03:06:49,81
2021-07-02T03:26:59,81
2021-07-02T03:39:07,82
2021-07-02T03:49:15,82
2021-07-02T03:59:09,82
2021-07-02T04:24:50,81
2021-07-02T04:40:15,85
2021-07-02T04:40:15,85
2021-07-02T04:59:55,84
2021-07-02T05:24:52,85
2021-07-02T05:40:48,85
2021-07-02T05:50:48,86
2021-07-02T06:00:36,86
2021-07-02T06:25:17,87
2021-07-02T06:39:59,87
2021-07-02T06:49:53,87
2021-07-02T06:55:49,87
2021-07-02T07:18:20,87
2021-07-02T07:28:49,88
2021-07-02T07:38:56,88
2021-07-02T07:48:45,88
2021-07-02T07:58:33,87
2021-07-02T08:30:36,84
2021-07-02T09:02:51,85
2021-07-02T09:26:40,86
2021-07-02T09:38:56,84
2021-07-02T09:48:51,84
2021-07-02T09:48:51,84
2021-07-02T10:17:10,85
2021-07-02T10:28:07,85
2021-07-02T10:38:06,82
2021-07-02T10:38:06,82
2021-07-02T10:57:38,86
2021-07-02T11:22:47,89
2021-07-02T11:43:32,87
2021-07-02T11:56:16,86
2021-07-02T12:25:25,84
2021-07-02T13:03:23,80
2021-07-02T13:30:05,79
2021-07-02T13:46:44,79
2021-07-02T13:56:42,79
2021-07-02T14:17:09,81
2021-07-02T14:40:08,77
2021-07-02T14:56:23,77
2021-07-02T15:13:51,76
2021-07-02T15:25:10,75
2021-07-02T15:35:41,75
2021-07-02T15:45:43,75
2021-07-02T15:45:43,75
2021-07-02T16:14:20,75
2021-07-02T16:30:05,74
2021-07-02T16:40:30,75
2021-07-02T16:50:17,75
2021-07-02T16:56:57,75
2021-07-02T17:22:01,77
2021-07-02T17:35:52,77
2021-07-02T17:45:53,78
2021-07-02T17:55:30,78
2021-07-02T18:14:00,77
2021-07-02T18:34:40,77
2021-07-02T18:49:56,77
2021-07-02T19:00:04,78
2021-07-02T19:21:43,78
2021-07-02T19:33:12,79
2021-07-02T19:42:59,79
2021-07-02T19:52:53,80
2021-07-02T20:22:24,80
2021-07-02T21:28:53,81
2021-07-02T22:07:45,80
2021-07-02T22:31:52,81
2021-07-02T22:46:30,82
2021-07-02T22:56:34,86
2021-07-02T23:17:41,86
2021-07-02T23:33:02,85
2021-07-02T23:48:55,85
2021-07-02T23:48:55,85
2021-07-03T00:27:31,82
2021-07-03T00:50:16,84
2021-07-03T01:00:18,85
2021-07-03T01:19:07,85
2021-07-03T01:29:23,85
2021-07-03T01:39:11,85
2021-07-03T01:49:30,85
2021-07-03T01:59:44,85
2021-07-03T02:28:24,84
2021-07-03T02:51:46,85
2021-07-03T03:02:59,85
2021-07-03T03:21:10,86
2021-07-03T03:31:02,86
2021-07-03T03:41:11,86
2021-07-03T03:50:55,86
2021-07-03T04:01:14,86
2021-07-03T04:21:52,86
2021-07-03T04:39:08,86
2021-07-03T04:45:06,86
2021-07-03T04:59:01,85
2021-07-03T05:23:07,85
2021-07-03T05:38:31,84
2021-07-03T05:48:15,84
2021-07-03T05:57:44,84
2021-07-03T06:22:10,85
2021-07-03T06:37:23,85
2021-07-03T06:37:23,85
2021-07-03T06:57:08,85
2021-07-03T07:13:58,86
2021-07-03T07:26:28,85
2021-07-03T07:26:28,85
2021-07-03T07:45:16,86
2021-07-03T07:56:41,86
2021-07-03T08:23:29,84
2021-07-03T08:49:52,86
2021-07-03T09:12:54,87
2021-07-03T09:29:38,87
2021-07-03T09:36:20,82
2021-07-03T09:49:42,83
2021-07-03T10:00:02,83
2021-07-03T10:19:06,87
2021-07-03T10:29:34,88
2021-07-03T10:39:32,83
2021-07-03T10:49:16,83
2021-07-03T10:59:28,83
2021-07-03T11:25:29,85
2021-07-03T11:44:19,80
2021-07-03T11:50:35,81
2021-07-03T12:16:46,83
2021-07-03T12:51:25,84
2021-07-03T13:15:15,88
2021-07-03T13:34:01,87
2021-07-03T13:41:02,87
2021-07-03T13:41:02,87
2021-07-03T14:16:05,88
2021-07-03T14:39:36,88
2021-07-03T14:49:20,88
2021-07-03T15:06:28,90
2021-07-03T15:19:13,89
2021-07-03T15:19:13,89
2021-07-03T15:38:49,88
2021-07-03T15:48:48,89
2021-07-03T15:59:03,89
2021-07-03T16:16:27,88
2021-07-03T16:31:49,88
2021-07-03T16:31:49,88
2021-07-03T16:51:38,87
2021-07-03T17:02:26,87
2021-07-03T17:23:16,87
2021-07-03T17:37:06,87
2021-07-03T17:47:12,87
2021-07-03T17:57:14,86
2021-07-03T18:16:42,86
2021-07-03T18:32:50,86
2021-07-03T18:32:50,86
2021-07-03T18:52:27,86
2021-07-03T19:04:32,86
2021-07-03T19:24:19,85
2021-07-03T19:35:57,85
2021-07-03T19:44:11,85
2021-07-03T19:44:11,85
2021-07-03T20:47:00,87
2021-07-03T21:44:09,87
2021-07-03T22:13:35,87
2021-07-03T22:34:41,88
2021-07-03T22:49:51,87
2021-07-03T22:49:51,87
2021-07-03T23:25:26,87
2021-07-03T23:42:14,87
2021-07-03T23:51:59,87
2021-07-04T00:06:10,86
2021-07-04T00:32:51,87
2021-07-04T00:53:53,86
2021-07-04T01:08:20,86
2021-07-04T01:24:00,86
2021-07-04T01:24:00,86
2021-07-04T01:43:50,85
2021-07-04T01:53:31,85
2021-07-04T02:07:51,85
2021-07-04T02:37:50,84
2021-07-04T02:55:32,84
2021-07-04T03:12:03,85
2021-07-04T03:26:47,85
2021-07-04T03:36:51,85
2021-07-04T03:44:29,85
2021-07-04T03:56:51,85
2021-07-04T04:17:27,85
2021-07-04T04:33:57,85
2021-07-04T04:44:22,85
2021-07-04T04:54:08,85
2021-07-04T05:10:31,86
2021-07-04T05:31:04,86
2021-07-04T05:44:44,86
2021-07-04T05:54:43,86
2021-07-04T06:12:27,87
2021-07-04T06:32:42,89
2021-07-04T06:44:35,89
2021-07-04T06:53:18,89
2021-07-04T07:08:18,87
2021-07-04T07:23:13,87
2021-07-04T07:33:28,86
2021-07-04T07:43:14,86
2021-07-04T07:43:14,86
2021-07-04T08:10:38,87
2021-07-04T08:45:47,85
2021-07-04T09:05:28,85
2021-07-04T09:26:27,83
2021-07-04T09:37:19,80
2021-07-04T09:47:21,79
2021-07-04T09:47:21,79
2021-07-04T10:15:12,78
2021-07-04T10:27:50,77
2021-07-04T10:33:53,77
2021-07-04T10:47:42,76
2021-07-04T10:57:39,76
2021-07-04T11:21:41,76
2021-07-04T11:41:02,75
2021-07-04T11:54:07,75
2021-07-04T12:13:35,74
2021-07-04T12:51:21,73
2021-07-04T13:10:04,74
2021-07-04T13:33:21,74
2021-07-04T13:44:58,74
2021-07-04T13:54:54,74
2021-07-04T14:13:50,73
2021-07-04T14:38:15,73
2021-07-04T14:53:08,72
2021-07-04T15:06:08,72
2021-07-04T15:18:58,72
2021-07-04T15:28:52,73
2021-07-04T15:38:55,72
2021-07-04T15:48:57,72
2021-07-04T15:59:17,72
2021-07-04T16:20:54,72
2021-07-04T16:32:02,72
2021-07-04T16:41:57,72
2021-07-04T16:51:44,73
2021-07-04T17:03:03,73
2021-07-04T17:24:06,73
2021-07-04T17:37:19,74
2021-07-04T17:37:19,74
2021-07-04T17:57:31,73
2021-07-04T18:17:43,74
2021-07-04T18:32:39,75
2021-07-04T18:43:24,75
2021-07-04T18:43:24,75
2021-07-04T19:08:01,76
2021-07-04T19:26:25,77
2021-07-04T19:36:32,78
2021-07-04T19:47:48,78
2021-07-04T19:57:50,78
2021-07-04T20:58:38,79
2021-07-04T22:00:44,77
2021-07-04T22:29:38,80
2021-07-04T22:47:32,84
2021-07-04T22:57:21,84
2021-07-04T23:20:28,85
2021-07-04T23:38:02,85
2021-07-04T23:50:00,85
2021-07-04T23:59:49,85
2021-07-05T00:29:11,86
2021-07-05T00:52:08,87
2021-07-05T01:04:24,87
2021-07-05T01:22:11,87
2021-07-05T01:31:59,87
2021-07-05T01:41:58,87
2021-07-05T01:51:44,89
2021-07-05T02:00:26,89
2021-07-05T02:33:13,89
2021-07-05T02:55:21,89
2021-07-05T03:11:39,89
2021-07-05T03:27:15,89
2021-07-05T03:37:08,90
2021-07-05T03:47:14,90
2021-07-05T03:47:14,90
2021-07-05T04:15:42,90
2021-07-05T04:37:27,88
2021-07-05T04:37:27,88
2021-07-05T04:57:10,88
2021-07-05T05:19:56,88
2021-07-05T05:37:54,88
2021-07-05T05:49:05,89
2021-07-05T06:24:37,89
2021-07-05T06:35:17,89
2021-07-05T06:49:51,89
2021-07-05T06:49:51,89
2021-07-05T07:18:05,89
2021-07-05T07:28:30,89
2021-07-05T07:38:24,89
2021-07-05T07:38:24,89
2021-07-05T07:58:01,89
2021-07-05T08:30:53,88
2021-07-05T09:01:43,85
2021-07-05T09:26:32,82
2021-07-05T09:39:07,80
2021-07-05T09:49:01,77
2021-07-05T09:57:53,77
2021-07-05T10:19:28,74
2021-07-05T10:30:22,74
2021-07-05T10:40:16,73
2021-07-05T10:50:02,72
2021-07-05T11:00:03,71
2021-07-05T11:26:52,69
2021-07-05T11:46:57,68
2021-07-05T11:56:45,69
2021-07-05T12:25:42,68
2021-07-05T13:01:29,65
2021-07-05T13:26:56,64
2021-07-05T13:43:23,66
2021-07-05T13:53:07,64
2021-07-05T14:09:20,63
2021-07-05T14:36:20,61
2021-07-05T14:53:01,58
2021-07-05T15:04:11,59
2021-07-05T15:19:12,58
2021-07-05T15:29:00,59
2021-07-05T15:39:01,61
2021-07-05T15:48:46,61
2021-07-05T15:59:01,62
2021-07-05T16:18:56,63
2021-07-05T16:32:22,64
2021-07-05T16:42:37,65
2021-07-05T16:52:30,66
2021-07-05T17:05:41,69
2021-07-05T17:25:36,70
2021-07-05T17:39:46,68
2021-07-05T17:39:46,68
2021-07-05T17:59:55,69
2021-07-05T18:21:45,69
2021-07-05T18:35:27,69
2021-07-05T18:35:27,69
2021-07-05T18:55:08,73
2021-07-05T19:12:32,71
2021-07-05T19:29:28,78
2021-07-05T19:40:58,83
2021-07-05T19:40:58,83
2021-07-05T20:00:51,88
2021-07-05T21:13:00,91
2021-07-05T22:07:52,89
2021-07-05T22:35:56,89
2021-07-05T22:49:35,89
2021-07-05T22:59:26,89
2021-07-05T23:25:47,89
2021-07-05T23:42:55,90
2021-07-05T23:52:50,90
2021-07-06T00:08:31,90
2021-07-06T00:37:12,89
2021-07-06T00:54:59,90
2021-07-06T01:10:29,89
2021-07-06T01:25:39,89
2021-07-06T01:35:32,89
2021-07-06T01:45:24,89
2021-07-06T01:45:24,89
2021-07-06T02:16:13,89
2021-07-06T02:43:04,89
2021-07-06T02:57:50,89
2021-07-06T03:16:52,91
2021-07-06T03:29:33,91
2021-07-06T03:39:21,87
2021-07-06T03:39:21,87
2021-07-06T03:58:57,87
2021-07-06T04:24:30,87
2021-07-06T04:39:40,86
2021-07-06T04:49:26,85
2021-07-06T04:59:16,85
2021-07-06T05:23:49,85
2021-07-06T05:39:36,87
2021-07-06T05:39:36,87
2021-07-06T05:59:18,87
2021-07-06T06:24:39,87
2021-07-06T06:39:37,88
2021-07-06T06:49:28,87
2021-07-06T06:59:16,87
2021-07-06T07:18:07,88
2021-07-06T07:28:31,88
2021-07-06T07:28:31,88
2021-07-06T07:48:21,88
2021-07-06T07:48:21,88
2021-07-06T08:30:47,87
2021-07-06T09:01:55,86
2021-07-06T09:26:45,85
2021-07-06T09:39:23,85
2021-07-06T09:45:11,85
2021-07-06T09:59:21,84
2021-07-06T10:19:32,83
2021-07-06T10:30:24,83
2021-07-06T10:40:11,84
2021-07-06T10:50:12,84
2021-07-06T11:00:01,85
2021-07-06T11:27:49,83
2021-07-06T11:46:51,78
2021-07-06T11:56:58,77
2021-07-06T12:20:42,76
2021-07-06T12:59:14,76
2021-07-06T13:26:26,79
2021-07-06T13:43:07,78
2021-07-06T13:53:13,75
2021-07-06T14:09:13,74
2021-07-06T14:34:35,70
2021-07-06T14:53:00,70
2021-07-06T15:01:41,69
2021-07-06T15:19:00,70
2021-07-06T15:28:50,70
2021-07-06T15:38:57,75
2021-07-06T15:48:49,80
2021-07-06T15:58:53,83
2021-07-06T16:21:24,79
2021-07-06T16:33:12,80
2021-07-06T16:42:57,80
2021-07-06T16:52:59,80
2021-07-06T17:07:14,84
2021-07-06T17:26:50,84
2021-07-06T17:41:15,84
2021-07-06T17:51:05,83
2021-07-06T18:01:05,84
2021-07-06T18:22:29,82
2021-07-06T18:36:16,81
2021-07-06T18:45:01,81
2021-07-06T18:54:41,77
2021-07-06T19:14:31,76
2021-07-06T19:30:32,76
2021-07-06T19:40:54,76
2021-07-06T19:51:37,75
2021-07-06T20:15:09,73
2021-07-06T21:31:38,83
2021-07-06T22:12:59,88
2021-07-06T22:39:48,89
2021-07-06T22:51:33,90
2021-07-06T23:02:33,89
2021-07-06T23:27:17,89
2021-07-06T23:44:14,89
2021-07-06T23:44:14,89
2021-07-07T00:11:43,89
2021-07-07T00:41:31,89
2021-07-07T00:56:56,88
2021-07-07T01:14:40,88
2021-07-07T01:27:48,89
2021-07-07T01:37:40,90
2021-07-07T01:47:31,91
2021-07-07T01:57:18,91
2021-07-07T02:22:55,91
2021-07-07T02:46:22,91
2021-07-07T02:58:25,91
2021-07-07T03:18:39,91
2021-07-07T03:30:02,91
2021-07-07T03:40:03,91
2021-07-07T03:40:03,91
2021-07-07T03:59:53,89
2021-07-07T04:25:06,88
2021-07-07T04:39:42,89
2021-07-07T04:39:42,89
2021-07-07T05:00:09,89
2021-07-07T05:25:37,90
2021-07-07T05:42:17,90
2021-07-07T05:52:09,91
2021-07-07T06:06:23,91
2021-07-07T06:30:02,91
2021-07-07T06:44:37,90
2021-07-07T06:44:37,90
2021-07-07T07:08:48,89
2021-07-07T07:22:45,88
2021-07-07T07:34:31,87
2021-07-07T07:44:25,87
2021-07-07T07:54:10,88
2021-07-07T08:14:44,88
2021-07-07T08:50:56,87
2021-07-07T09:10:38,87
2021-07-07T09:33:30,85
2021-07-07T09:41:18,85
2021-07-07T09:55:30,85
2021-07-07T10:13:38,84
2021-07-07T10:26:59,80
2021-07-07T10:45:18,80
2021-07-07T10:55:02,81
2021-07-07T11:17:20,78
2021-07-07T11:47:00,77
2021-07-07T12:04:50,76
2021-07-07T12:48:42,75
2021-07-07T13:20:04,75
2021-07-07T13:46:18,74
2021-07-07T13:55:58,74
2021-07-07T14:18:43,73
2021-07-07T14:42:42,73
2021-07-07T14:56:00,74
2021-07-07T15:11:45,74
2021-07-07T15:22:04,74
2021-07-07T15:22:04,74
2021-07-07T15:42:01,74
2021-07-07T15:42:01,74
2021-07-07T16:05:03,76
2021-07-07T16:25:34,75
2021-07-07T16:33:26,76
2021-07-07T16:47:23,76
2021-07-07T16:47:23,76
2021-07-07T17:16:57,76
2021-07-07T17:33:16,77
2021-07-07T17:44:34,76
2021-07-07T17:54:22,77
2021-07-07T18:10:33,77
2021-07-07T18:29:47,78
2021-07-07T18:37:26,78
2021-07-07T18:51:52,78
2021-07-07T19:03:49,78
2021-07-07T19:23:41,78
2021-07-07T19:35:33,79
2021-07-07T19:45:43,78
2021-07-07T19:55:28,79
2021-07-07T20:41:30,80
2021-07-07T21:45:22,84
2021-07-07T22:16:37,85
2021-07-07T22:41:23,86
2021-07-07T22:41:23,86
2021-07-07T23:02:04,86
2021-07-07T23:26:59,87
2021-07-07T23:44:19,87
2021-07-07T23:50:55,87
2021-07-08T00:13:05,87
2021-07-08T00:41:45,87
2021-07-08T00:52:25,87
2021-07-08T01:15:00,87
2021-07-08T01:27:52,88
2021-07-08T01:37:53,87
2021-07-08T01:43:19,87
2021-07-08T01:57:34,87
2021-07-08T02:25:42,88
2021-07-08T02:48:53,88
2021-07-08T02:58:37,88
2021-07-08T03:19:25,88
2021-07-08T03:30:32,88
2021-07-08T03:40:25,88
2021-07-08T03:50:13,88
2021-07-08T04:00:20,88
2021-07-08T04:25:45,88
2021-07-08T04:41:35,88
2021-07-08T04:51:36,87
2021-07-08T05:02:43,88
2021-07-08T05:27:52,88
2021-07-08T05:42:08,88
2021-07-08T05:54:33,88
2021-07-08T06:12:28,89
2021-07-08T06:34:06,89
2021-07-08T06:45:58,89
2021-07-08T06:45:58,89
2021-07-08T07:11:57,89
2021-07-08T07:26:06,89
2021-07-08T07:26:06,89
2021-07-08T07:41:40,89
2021-07-08T07:55:49,89
2021-07-08T08:22:46,89
2021-07-08T08:56:48,87
2021-07-08T09:25:44,87
2021-07-08T09:42:57,86
2021-07-08T09:42:57,86
2021-07-08T10:09:46,87
2021-07-08T10:29:16,86
2021-07-08T10:43:48,82
2021-07-08T10:53:51,82
2021-07-08T11:11:30,82
2021-07-08T11:42:31,78
2021-07-08T12:01:54,81
2021-07-08T12:44:58,79
2021-07-08T13:15:01,77
2021-07-08T13:38:53,75
2021-07-08T13:52:35,76
2021-07-08T14:07:12,77
2021-07-08T14:30:26,77
2021-07-08T14:53:07,76
2021-07-08T15:06:12,75
2021-07-08T15:19:17,74
2021-07-08T15:19:17,74
2021-07-08T15:39:06,74
2021-07-08T15:48:53,74
2021-07-08T15:48:53,74
2021-07-08T16:20:58,74
2021-07-08T16:33:16,74
2021-07-08T16:42:54,74
2021-07-08T16:52:40,73
2021-07-08T17:06:18,74
2021-07-08T17:26:20,73
2021-07-08T17:35:12,73
2021-07-08T17:50:04,72
2021-07-08T18:00:16,74
2021-07-08T18:22:13,74
2021-07-08T18:33:51,75
2021-07-08T18:33:51,75
2021-07-08T18:55:50,76
2021-07-08T19:14:00,76
2021-07-08T19:30:09,77
2021-07-08T19:37:41,77
2021-07-08T19:50:49,78
2021-07-08T20:09:44,79
2021-07-08T21:29:02,85
2021-07-08T22:13:12,85
2021-07-08T22:39:41,86
2021-07-08T22:51:00,86
2021-07-08T22:57:15,87
2021-07-08T23:26:37,87
2021-07-08T23:43:41,87
2021-07-08T23:53:31,87
2021-07-09T00:11:10,87
2021-07-09T00:40:11,87
2021-07-09T00:56:29,88
2021-07-09T01:13:53,88
2021-07-09T01:27:19,88
2021-07-09T01:37:11,88
2021-07-09T01:47:05,88
2021-07-09T01:56:50,88
2021-07-09T02:21:02,88
2021-07-09T02:44:36,88
2021-07-09T02:57:51,88
2021-07-09T03:17:32,91
2021-07-09T03:29:47,91
2021-07-09T03:39:42,90
2021-07-09T03:49:44,90
2021-07-09T03:59:49,91
2021-07-09T04:25:13,91
2021-07-09T04:40:30,91
2021-07-09T04:50:18,91
2021-07-09T04:50:18,91
2021-07-09T05:25:11,92
2021-07-09T05:41:01,92
2021-07-09T05:41:01,92
2021-07-09T05:57:03,92
2021-07-09T06:25:33,92
2021-07-09T06:40:29,92
2021-07-09T06:48:05,89
2021-07-09T07:00:12,89
2021-07-09T07:18:33,89
2021-07-09T07:28:59,89
2021-07-09T07:38:51,89
2021-07-09T07:46:23,90
2021-07-09T07:57:50,90
2021-07-09T08:34:05,89
2021-07-09T09:02:28,86
2021-07-09T09:26:21,84
2021-07-09T09:38:48,79
2021-07-09T09:46:10,78
2021-07-09T09:58:45,77
2021-07-09T10:20:36,75
2021-07-09T10:33:08,74
2021-07-09T10:42:53,74
2021-07-09T10:52:48,73
2021-07-09T11:07:52,72
2021-07-09T11:35:33,69
2021-07-09T11:53:55,68
2021-07-09T12:14:32,67
2021-07-09T12:55:09,66
2021-07-09T13:16:25,66
2021-07-09T13:39:49,66
2021-07-09T13:39:49,66
2021-07-09T13:59:35,66
2021-07-09T14:30:43,64
2021-07-09T14:52:57,64
2021-07-09T15:05:46,62
2021-07-09T15:19:03,62
2021-07-09T15:19:03,62
2021-07-09T15:38:54,62
2021-07-09T15:38:54,62
2021-07-09T15:58:40,62
2021-07-09T16:20:57,62
2021-07-09T16:32:46,63
2021-07-09T16:32:46,63
2021-07-09T16:52:38,65
2021-07-09T17:05:37,65
2021-07-09T17:25:54,67
2021-07-09T17:39:58,66
2021-07-09T17:39:58,66
2021-07-09T18:00:01,68
2021-07-09T18:24:08,68
2021-07-09T18:36:07,69
2021-07-09T18:46:12,69
2021-07-09T18:56:00,71
2021-07-09T19:14:42,72
2021-07-09T19:30:31,74
2021-07-09T19:41:25,75
2021-07-09T19:50:10,75
2021-07-09T20:12:12,76
2021-07-09T21:22:50,79
2021-07-09T22:06:27,80
2021-07-09T22:32:47,80
2021-07-09T22:49:41,80
2021-07-09T22:49:41,80
2021-07-09T23:21:46,84
2021-07-09T23:42:20,85
2021-07-09T23:52:24,85
2021-07-10T00:07:19,85
2021-07-10T00:36:21,86
2021-07-10T00:54:53,87
2021-07-10T01:10:11,87
2021-07-10T01:25:12,87
2021-07-10T01:35:05,88
2021-07-10T01:44:57,88
2021-07-10T01:44:57,88
2021-07-10T02:09:33,88
2021-07-10T02:40:28,88
2021-07-10T02:56:14,89
2021-07-10T03:13:35,89
2021-07-10T03:27:51,89
2021-07-10T03:27:51,89
2021-07-10T03:47:34,89
2021-07-10T03:57:38,89
2021-07-10T04:20:02,89
2021-07-10T04:35:55,90
2021-07-10T04:45:44,89
2021-07-10T04:45:44,89
2021-07-10T05:14:29,90
2021-07-10T05:33:38,90
2021-07-10T05:46:00,90
2021-07-10T05:46:00,90
2021-07-10T06:15:31,90
2021-07-10T06:34:24,92
2021-07-10T06:45:09,92
2021-07-10T06:55:17,92
2021-07-10T07:10:11,91
2021-07-10T07:24:39,88
2021-07-10T07:24:39,88
2021-07-10T07:44:28,91
2021-07-10T07:54:11,87
2021-07-10T08:13:14,86
2021-07-10T08:48:31,83
2021-07-10T09:07:05,79
2021-07-10T09:27:19,76
2021-07-10T09:38:04,75
2021-07-10T09:47:56,74
2021-07-10T09:57:58,74
2021-07-10T10:16:42,72
2021-07-10T10:28:19,72
2021-07-10T10:38:30,71
2021-07-10T10:58:32,71
2021-07-10T11:20:32,70
2021-07-10T11:43:03,70
2021-07-10T11:54:32,70
2021-07-10T12:15:38,68
2021-07-10T12:53:19,69
2021-07-10T13:13:37,68
2021-07-10T13:30:49,67
2021-07-10T13:45:45,69
2021-07-10T13:55:50,70
2021-07-10T14:16:30,71
2021-07-10T14:39:57,68
2021-07-10T14:53:40,68
2021-07-10T15:07:14,67
2021-07-10T15:19:32,67
2021-07-10T15:29:22,68
2021-07-10T15:34:23,68
2021-07-10T15:49:33,68
2021-07-10T15:59:43,67
2021-07-10T16:21:05,67
2021-07-10T16:32:06,67
2021-07-10T16:42:03,67
2021-07-10T16:51:48,67
2021-07-10T17:03:05,67
2021-07-10T17:23:24,69
2021-07-10T17:37:09,67
2021-07-10T17:47:15,67
2021-07-10T17:57:03,67
2021-07-10T18:16:26,67
2021-07-10T18:32:50,68
2021-07-10T18:32:50,68
2021-07-10T18:52:39,68
2021-07-10T19:06:18,68
2021-07-10T19:24:55,69
2021-07-10T19:36:36,69
2021-07-10T19:36:36,69
2021-07-10T19:56:30,69
2021-07-10T20:55:05,72
2021-07-10T21:58:51,74
2021-07-10T22:33:20,75
2021-07-10T22:48:51,75
2021-07-10T22:58:40,75
2021-07-10T23:24:27,79
2021-07-10T23:41:18,79
2021-07-10T23:51:05,79
2021-07-11T00:02:03,79
2021-07-11T00:30:52,80
2021-07-11T00:52:32,80
2021-07-11T01:05:10,80
2021-07-11T01:22:03,80
2021-07-11T01:31:58,80
2021-07-11T01:41:47,80
2021-07-11T01:51:56,84
2021-07-11T02:05:09,85
2021-07-11T02:33:20,85
2021-07-11T02:54:11,86
2021-07-11T03:09:12,86
2021-07-11T03:25:37,86
2021-07-11T03:35:29,86
2021-07-11T03:35:29,86
2021-07-11T03:55:40,86
2021-07-11T04:14:57,86
2021-07-11T04:33:32,87
2021-07-11T04:39:57,87
2021-07-11T04:39:57,87
2021-07-11T05:10:18,87
2021-07-11T05:31:17,87
2021-07-11T05:45:07,87
2021-07-11T05:55:04,86
2021-07-11T06:12:51,86
2021-07-11T06:32:58,85
2021-07-11T06:40:04,85
2021-07-11T06:54:26,86
2021-07-11T07:08:46,86
2021-07-11T07:23:43,86
2021-07-11T07:33:34,86
2021-07-11T07:33:34,86
2021-07-11T07:53:20,87
2021-07-11T08:11:42,87
2021-07-11T08:46:08,86
2021-07-11T09:05:33,86
2021-07-11T09:26:33,85
2021-07-11T09:37:20,85
2021-07-11T09:42:28,85
2021-07-11T09:57:12,84
2021-07-11T10:15:10,84
2021-07-11T10:27:37,79
2021-07-11T10:37:46,78
2021-07-11T10:47:26,77
2021-07-11T10:57:48,77
2021-07-11T11:21:32,77
2021-07-11T11:41:02,76
2021-07-11T11:53:36,76
2021-07-11T12:11:13,74
2021-07-11T12:50:04,71
2021-07-11T13:09:09,69
2021-07-11T13:33:34,68
2021-07-11T13:45:09,67
2021-07-11T13:45:09,67
2021-07-11T14:13:47,67
2021-07-11T14:34:10,66
2021-07-11T14:53:29,69
2021-07-11T15:04:10,69
2021-07-11T15:19:30,70
2021-07-11T15:29:31,72
2021-07-11T15:39:37,75
2021-07-11T15:49:24,77
2021-07-11T15:59:32,76
2021-07-11T16:19:05,74
2021-07-11T16:32:00,74
2021-07-11T16:41:58,75
2021-07-11T16:51:58,72
2021-07-11T17:03:24,77
2021-07-11T17:21:02,79
2021-07-11T17:37:52,77
2021-07-11T17:45:54,78
2021-07-11T17:57:50,78
2021-07-11T18:18:27,81
2021-07-11T18:33:39,83
2021-07-11T18:43:24,83
2021-07-11T18:53:20,83
2021-07-11T19:07:50,84
2021-07-11T19:25:45,85
2021-07-11T19:38:04,84
2021-07-11T19:47:58,86
2021-07-11T19:57:38,86
2021-07-11T20:58:08,89
2021-07-11T22:00:29,84
2021-07-11T22:31:03,84
2021-07-11T22:47:17,85
2021-07-11T22:57:25,85
2021-07-11T23:21:16,85
2021-07-11T23:38:55,85
2021-07-11T23:50:40,85
2021-07-12T00:01:01,85
2021-07-12T00:30:04,85
2021-07-12T00:52:36,84
2021-07-12T01:05:49,85
2021-07-12T01:22:59,85
2021-07-12T01:32:43,85
2021-07-12T01:42:40,85
2021-07-12T01:52:43,85
2021-07-12T02:08:27,85
2021-07-12T02:38:10,83
2021-07-12T02:54:26,83
2021-07-12T03:16:19,84
2021-07-12T03:28:07,83
2021-07-12T03:39:05,83
2021-07-12T03:39:05,83
2021-07-12T03:59:08,83
2021-07-12T04:24:37,83
2021-07-12T04:40:01,84
2021-07-12T04:49:58,85
2021-07-12T04:59:45,85
2021-07-12T05:24:52,85
2021-07-12T05:40:35,86
2021-07-12T05:50:50,86
2021-07-12T06:01:02,86
2021-07-12T06:25:51,86
2021-07-12T06:40:59,86
2021-07-12T06:50:59,86
2021-07-12T06:50:59,86
2021-07-12T07:18:42,86
2021-07-12T07:28:47,86
2021-07-12T07:39:02,86
2021-07-12T07:48:45,86
2021-07-12T07:58:29,86
2021-07-12T08:33:33,85
2021-07-12T08:58:56,83
2021-07-12T09:24:56,82
2021-07-12T09:42:42,80
2021-07-12T09:42:42,80
2021-07-12T10:05:35,75
2021-07-12T10:22:45,73
2021-07-12T10:32:44,73
2021-07-12T10:42:29,72
2021-07-12T10:52:13,71
2021-07-12T11:05:56,69
2021-07-12T11:31:51,68
2021-07-12T11:50:55,66
2021-07-12T12:00:49,66
2021-07-12T12:37:17,64
2021-07-12T13:07:57,63
2021-07-12T13:34:52,61
2021-07-12T13:48:10,61
2021-07-12T13:57:57,60
2021-07-12T14:20:36,65
2021-07-12T14:47:37,64
2021-07-12T14:57:27,64
2021-07-12T15:14:33,64
2021-07-12T15:14:33,64
2021-07-12T15:33:58,63
2021-07-12T15:43:46,63
2021-07-12T15:53:55,63
2021-07-12T16:05:56,52
2021-07-12T16:27:07,52
2021-07-12T16:37:19,57
2021-07-12T16:47:15,88
2021-07-12T16:56:56,88
2021-07-12T17:13:44,88
2021-07-12T17:27:02,88
2021-07-12T17:37:08,88
2021-07-12T17:47:00,88
2021-07-12T17:57:07,88
2021-07-12T18:14:18,88
2021-07-12T18:29:18,88
2021-07-12T18:39:46,88
2021-07-12T18:39:46,88
2021-07-12T18:59:46,88
2021-07-12T19:20:52,88
2021-07-12T19:34:43,89
2021-07-12T19:34:43,89
2021-07-12T19:54:21,87
2021-07-12T20:37:51,84
2021-07-12T21:41:27,88
2021-07-12T22:16:50,91
2021-07-12T22:39:43,79
2021-07-12T22:51:49,82
2021-07-12T23:04:20,83
2021-07-12T23:28:58,82
2021-07-12T23:46:23,76
2021-07-12T23:56:09,74
2021-07-13T00:19:24,74
2021-07-13T00:44:08,93
2021-07-13T00:57:40,93
2021-07-13T01:16:25,93
2021-07-13T01:24:14,91
2021-07-13T01:24:14,91
2021-07-13T01:48:23,91
2021-07-13T01:54:06,91
2021-07-13T02:26:54,91
2021-07-13T02:51:02,93
2021-07-13T03:01:01,93
2021-07-13T03:20:28,93
2021-07-13T03:30:41,93
2021-07-13T03:40:45,93
2021-07-13T03:50:38,93
2021-07-13T04:00:43,92
2021-07-13T04:24:44,96
2021-07-13T04:40:37,95
2021-07-13T04:50:41,96
2021-07-13T05:00:19,96
2021-07-13T05:25:05,96
2021-07-13T05:41:40,94
2021-07-13T05:51:28,94
2021-07-13T06:02:39,94
2021-07-13T06:26:58,94
2021-07-13T06:42:16,93
2021-07-13T06:42:16,93
2021-07-13T07:04:01,89
2021-07-13T07:20:57,85
2021-07-13T07:30:50,86
2021-07-13T07:30:50,86
2021-07-13T07:50:40,87
2021-07-13T07:50:40,87
2021-07-13T08:38:58,85
2021-07-13T09:07:39,84
2021-07-13T09:31:35,83
2021-07-13T09:45:31,82
2021-07-13T09:45:31,82
2021-07-13T10:11:50,81
2021-07-13T10:26:46,79
2021-07-13T10:36:52,76
2021-07-13T10:46:48,75
2021-07-13T10:56:41,73
2021-07-13T11:42:03,69
2021-07-13T11:51:02,68
2021-07-13T12:22:13,66
2021-07-13T12:59:46,64
2021-07-13T13:27:14,63
2021-07-13T13:44:33,63
2021-07-13T13:44:33,63
2021-07-13T14:12:51,61
2021-07-13T14:34:00,60
2021-07-13T14:54:30,60
2021-07-13T15:09:09,58
2021-07-13T15:21:03,58
2021-07-13T15:21:03,58
2021-07-13T15:40:54,60
2021-07-13T15:40:54,60
2021-07-13T16:00:42,59
2021-07-13T16:22:26,60
2021-07-13T16:34:44,63
2021-07-13T16:44:26,63
2021-07-13T16:54:33,65
2021-07-13T17:10:39,63
2021-07-13T17:30:07,72
2021-07-13T17:43:39,74
2021-07-13T17:53:24,56
2021-07-13T18:08:41,56
2021-07-13T18:24:31,80
2021-07-13T18:41:46,80
2021-07-13T18:41:46,80
2021-07-13T19:03:17,57
2021-07-13T19:23:51,89
2021-07-13T19:36:09,83
2021-07-13T19:45:51,83
2021-07-13T19:55:43,83
2021-07-13T20:41:28,83
2021-07-13T21:41:19,89
2021-07-13T22:13:48,89
2021-07-13T22:39:29,88
2021-07-13T22:50:31,89
2021-07-13T23:00:33,89
2021-07-13T23:26:16,89
2021-07-13T23:43:24,92
2021-07-13T23:53:14,92
2021-07-14T00:10:20,91
2021-07-14T00:39:34,76
2021-07-14T00:53:44,83
2021-07-14T01:13:10,82
2021-07-14T01:27:10,84
2021-07-14T01:37:07,83
2021-07-14T01:46:52,84
2021-07-14T01:56:43,84
2021-07-14T02:20:41,82
2021-07-14T02:44:38,87
2021-07-14T02:57:59,88
2021-07-14T03:17:57,87
2021-07-14T03:29:46,87
2021-07-14T03:39:36,87
2021-07-14T03:39:36,87
2021-07-14T03:59:35,87
2021-07-14T04:24:34,87
2021-07-14T04:40:21,87
2021-07-14T04:49:36,87
2021-07-14T04:59:20,87
2021-07-14T05:23:55,88
2021-07-14T05:39:56,88
2021-07-14T05:49:41,88
2021-07-14T05:59:42,88
2021-07-14T06:24:57,88
2021-07-14T06:49:49,88
2021-07-14T06:59:40,88
2021-07-14T07:14:33,87
2021-07-14T07:28:34,88
2021-07-14T07:38:37,88
2021-07-14T07:38:37,88
2021-07-14T07:58:26,88
2021-07-14T08:31:44,86
2021-07-14T09:05:47,85
2021-07-14T09:29:29,84
2021-07-14T09:43:45,83
2021-07-14T09:53:48,81
2021-07-14T10:04:32,79
2021-07-14T10:24:49,75
2021-07-14T10:35:19,74
2021-07-14T10:42:32,74
2021-07-14T10:42:32,74
2021-07-14T11:13:42,72
2021-07-14T11:38:35,70
2021-07-14T11:51:45,69
2021-07-14T12:16:12,69
2021-07-14T12:55:46,65
2021-07-14T13:16:37,63
2021-07-14T13:39:30,63
2021-07-14T13:39:30,63
2021-07-14T13:59:19,62
2021-07-14T14:25:52,59
2021-07-14T14:49:51,64
2021-07-14T14:59:46,65
2021-07-14T15:17:08,66
2021-07-14T15:23:51,67
2021-07-14T15:33:15,69
2021-07-14T15:42:33,70
2021-07-14T15:57:00,65
2021-07-14T16:17:07,72
2021-07-14T16:31:42,74
2021-07-14T16:41:46,77
2021-07-14T16:51:47,75
2021-07-14T17:03:23,80
2021-07-14T17:24:38,81
2021-07-14T17:38:55,81
2021-07-14T17:48:45,86
2021-07-14T17:58:33,83
2021-07-14T18:20:51,83
2021-07-14T18:34:47,83
2021-07-14T18:44:38,83
2021-07-14T18:53:29,83
2021-07-14T19:11:05,88
2021-07-14T19:28:41,88
2021-07-14T19:40:38,91
2021-07-14T19:50:46,91
2021-07-14T20:00:35,91
2021-07-14T21:07:44,86
2021-07-14T22:03:54,90
2021-07-14T22:36:33,88
2021-07-14T22:50:01,88
2021-07-14T22:59:50,88
2021-07-14T23:26:03,84
2021-07-14T23:43:00,85
2021-07-14T23:52:48,84
2021-07-15T00:08:46,84
2021-07-15T00:38:16,84
2021-07-15T00:52:38,85
2021-07-15T01:13:14,84
2021-07-15T01:27:17,84
2021-07-15T01:37:20,87
2021-07-15T01:37:20,87
2021-07-15T01:57:03,88
2021-07-15T02:22:09,88
2021-07-15T02:44:30,88
2021-07-15T02:56:56,88
2021-07-15T03:15:56,88
2021-07-15T03:29:28,88
2021-07-15T03:39:12,88
2021-07-15T03:49:15,88
2021-07-15T03:49:15,88
2021-07-15T04:27:40,88
2021-07-15T04:39:54,88
2021-07-15T04:49:48,88
2021-07-15T05:00:01,88
2021-07-15T05:24:58,88
2021-07-15T05:41:11,88
2021-07-15T05:41:11,88
2021-07-15T06:01:05,88
2021-07-15T06:26:21,88
2021-07-15T06:42:06,88
2021-07-15T06:47:53,88
2021-07-15T07:03:22,88
2021-07-15T07:20:20,88
2021-07-15T07:30:23,88
2021-07-15T07:40:14,88
2021-07-15T07:40:14,88
2021-07-15T07:59:56,88
2021-07-15T08:36:38,87
2021-07-15T09:04:19,86
2021-07-15T09:28:28,86
2021-07-15T09:41:22,85
2021-07-15T09:41:22,85
2021-07-15T10:01:34,83
2021-07-15T10:20:25,80
2021-07-15T10:29:59,80
2021-07-15T10:41:07,80
2021-07-15T10:47:29,80
2021-07-15T10:56:47,80
2021-07-15T11:27:59,77
2021-07-15T11:48:12,74
2021-07-15T11:58:27,73
2021-07-15T12:32:25,72
2021-07-15T13:04:43,70
2021-07-15T13:30:43,70
2021-07-15T13:42:21,69
2021-07-15T13:56:22,69
2021-07-15T14:18:23,72
2021-07-15T14:40:24,71
2021-07-15T14:53:31,70
2021-07-15T15:07:36,68
2021-07-15T15:18:47,66
2021-07-15T15:28:54,65
2021-07-15T15:38:57,66
2021-07-15T15:48:59,67
2021-07-15T15:59:10,67
2021-07-15T16:21:54,67
2021-07-15T16:33:49,66
2021-07-15T16:41:05,65
2021-07-15T16:53:53,66
2021-07-15T17:08:00,65
2021-07-15T17:29:29,66
2021-07-15T17:43:33,66
2021-07-15T17:43:33,66
2021-07-15T18:08:03,65
2021-07-15T18:27:37,68
2021-07-15T18:40:47,69
2021-07-15T18:50:26,66
2021-07-15T19:00:33,66
2021-07-15T19:22:21,67
2021-07-15T19:33:56,68
2021-07-15T19:33:56,68
2021-07-15T19:54:09,69
2021-07-15T20:34:00,70
2021-07-15T21:45:16,69
2021-07-15T22:17:55,70
2021-07-15T22:42:33,70
2021-07-15T22:52:24,70
2021-07-15T23:06:29,71
2021-07-15T23:30:11,72
2021-07-15T23:46:49,72
2021-07-15T23:46:49,72
2021-07-16T00:18:03,73
2021-07-16T00:45:30,73
2021-07-16T00:59:03,73
2021-07-16T01:18:56,74
2021-07-16T01:29:35,74
2021-07-16T01:39:35,74
2021-07-16T01:49:23,75
2021-07-16T01:59:27,75
2021-07-16T02:28:58,77
2021-07-16T02:53:19,77
2021-07-16T03:07:31,78
2021-07-16T03:24:43,81
2021-07-16T03:34:44,82
2021-07-16T03:44:43,82
2021-07-16T03:54:30,82
2021-07-16T04:13:31,83
2021-07-16T04:35:44,83
2021-07-16T04:47:11,84
2021-07-16T04:47:11,84
2021-07-16T05:18:16,84
2021-07-16T05:36:15,84
2021-07-16T05:47:46,84
2021-07-16T05:47:46,84
2021-07-16T06:21:23,85
2021-07-16T06:37:45,85
2021-07-16T06:47:38,85
2021-07-16T06:57:36,85
2021-07-16T07:15:25,86
2021-07-16T07:27:46,86
2021-07-16T07:37:53,86
2021-07-16T07:47:48,86
2021-07-16T07:47:48,86
2021-07-16T08:29:45,85
2021-07-16T09:02:10,83
2021-07-16T09:26:11,77
2021-07-16T09:38:45,76
2021-07-16T09:48:28,76
2021-07-16T09:58:22,75
2021-07-16T10:18:16,73
2021-07-16T10:27:49,72
2021-07-16T10:39:43,71
2021-07-16T10:49:28,71
2021-07-16T10:59:38,70
2021-07-16T11:26:51,67
2021-07-16T11:47:24,65
2021-07-16T11:55:53,66
2021-07-16T12:27:36,61
2021-07-16T13:05:14,59
2021-07-16T13:31:45,59
2021-07-16T13:47:07,59
2021-07-16T13:57:10,59
2021-07-16T14:21:31,57
2021-07-16T14:43:34,57
2021-07-16T14:56:07,59
2021-07-16T15:11:55,60
2021-07-16T15:22:16,61
2021-07-16T15:27:36,61
2021-07-16T15:27:36,61
2021-07-16T15:52:18,63
2021-07-16T16:05:33,62
2021-07-16T16:25:46,63
2021-07-16T16:37:26,63
2021-07-16T16:47:31,63
2021-07-16T16:47:31,63
2021-07-16T17:17:18,62
2021-07-16T17:33:54,63
2021-07-16T17:45:18,64
2021-07-16T17:55:23,65
2021-07-16T18:10:00,64
2021-07-16T18:29:53,66
2021-07-16T18:42:43,66
2021-07-16T18:42:43,66
2021-07-16T19:05:23,65
2021-07-16T19:24:32,64
2021-07-16T19:33:00,65
2021-07-16T19:42:50,66
2021-07-16T19:55:52,69
2021-07-16T20:45:45,75
2021-07-16T21:38:31,75
2021-07-16T22:16:07,75
2021-07-16T22:42:04,76
2021-07-16T22:52:11,77
2021-07-16T23:05:42,77
2021-07-16T23:29:23,76
2021-07-16T23:46:20,79
2021-07-16T23:46:20,79
2021-07-17T00:19:42,79
2021-07-17T00:44:25,81
2021-07-17T00:58:03,82
2021-07-17T01:17:02,81
2021-07-17T01:28:23,81
2021-07-17T01:38:27,82
2021-07-17T01:48:33,79
2021-07-17T01:58:26,79
2021-07-17T02:25:48,80
2021-07-17T02:48:34,79
2021-07-17T02:48:34,79
2021-07-17T03:18:49,80
2021-07-17T03:29:58,80
2021-07-17T03:39:59,80
2021-07-17T03:39:59,80
2021-07-17T03:56:46,84
2021-07-17T04:24:54,84
2021-07-17T04:39:46,84
2021-07-17T04:49:49,84
2021-07-17T04:49:49,84
2021-07-17T05:23:57,84
2021-07-17T05:39:29,84
2021-07-17T05:49:17,84
2021-07-17T05:59:07,84
2021-07-17T06:24:08,85
2021-07-17T06:39:07,85
2021-07-17T06:48:56,85
2021-07-17T06:58:51,85
2021-07-17T07:17:06,85
2021-07-17T07:27:52,85
2021-07-17T07:27:52,85
2021-07-17T07:47:34,85
2021-07-17T07:57:21,84
2021-07-17T08:27:38,83
2021-07-17T08:59:02,78
2021-07-17T09:23:37,75
2021-07-17T09:35:21,74
2021-07-17T09:45:14,74
2021-07-17T09:55:07,73
2021-07-17T10:09:19,71
2021-07-17T10:25:33,70
2021-07-17T10:35:50,70
2021-07-17T10:35:50,70
2021-07-17T10:53:30,68
2021-07-17T11:15:44,64
2021-07-17T11:38:59,63
2021-07-17T11:52:53,62
2021-07-17T12:09:06,60
2021-07-17T12:48:36,60
2021-07-17T13:09:46,60
2021-07-17T13:33:59,60
2021-07-17T13:45:40,62
2021-07-17T13:45:40,62
2021-07-17T14:15:53,58
2021-07-17T14:39:49,60
2021-07-17T14:53:59,59
2021-07-17T15:19:47,60
2021-07-17T15:29:46,60
2021-07-17T15:36:09,60
2021-07-17T15:36:09,60
2021-07-17T15:59:25,61
2021-07-17T16:21:27,60
2021-07-17T16:29:19,60
2021-07-17T16:29:19,60
2021-07-17T16:52:34,60
2021-07-17T17:05:56,62
2021-07-17T17:25:35,64
2021-07-17T17:39:28,64
2021-07-17T17:49:29,63
2021-07-17T17:59:33,64
2021-07-17T18:17:35,64
2021-07-17T18:35:23,65
2021-07-17T18:43:27,65
2021-07-17T18:43:27,65
2021-07-17T19:12:19,70
2021-07-17T19:29:12,71
2021-07-17T19:39:51,69
2021-07-17T19:39:51,69
2021-07-17T20:11:23,64
2021-07-17T21:29:31,80
2021-07-17T22:11:20,81
2021-07-17T22:34:04,85
2021-07-17T22:50:17,86
2021-07-17T22:50:17,86
2021-07-17T23:26:00,86
2021-07-17T23:42:47,71
2021-07-17T23:52:43,71
2021-07-18T00:08:21,87
2021-07-18T00:37:24,77
2021-07-18T00:55:15,76
2021-07-18T01:10:03,79
2021-07-18T01:25:32,77
2021-07-18T01:25:32,77
2021-07-18T01:45:11,82
2021-07-18T01:52:20,82
2021-07-18T02:16:23,81
2021-07-18T02:42:16,82
2021-07-18T02:56:53,79
2021-07-18T03:15:31,80
2021-07-18T03:28:47,80
2021-07-18T03:38:50,82
2021-07-18T03:48:38,81
2021-07-18T03:48:38,81
2021-07-18T04:22:24,82
2021-07-18T04:34:50,85
2021-07-18T04:47:11,85
2021-07-18T04:56:32,85
2021-07-18T05:17:53,85
2021-07-18T05:35:44,82
2021-07-18T05:46:53,82
2021-07-18T05:46:53,82
2021-07-18T06:18:26,83
2021-07-18T06:35:56,85
2021-07-18T06:46:08,85
2021-07-18T06:55:56,86
2021-07-18T07:11:39,85
2021-07-18T07:25:03,86
2021-07-18T07:35:00,86
2021-07-18T07:44:52,87
2021-07-18T07:54:43,87
2021-07-18T08:17:05,86
2021-07-18T08:49:53,84
2021-07-18T09:07:57,81
2021-07-18T09:28:25,80
2021-07-18T09:39:19,77
2021-07-18T09:49:24,75
2021-07-18T09:59:36,75
2021-07-18T10:19:28,73
2021-07-18T10:29:48,72
2021-07-18T10:39:53,72
2021-07-18T10:49:40,71
2021-07-18T10:59:55,71
2021-07-18T11:26:41,68
2021-07-18T11:46:08,67
2021-07-18T11:55:58,66
2021-07-18T12:21:47,63
2021-07-18T12:56:49,64
2021-07-18T13:20:38,64
2021-07-18T13:37:42,63
2021-07-18T13:47:44,64
2021-07-18T13:47:44,64
2021-07-18T14:22:30,65
2021-07-18T14:43:24,65
2021-07-18T14:55:16,67
2021-07-18T15:09:51,65
2021-07-18T15:21:09,66
2021-07-18T15:31:04,68
2021-07-18T15:41:01,67
2021-07-18T15:47:55,72
2021-07-18T16:01:22,72
2021-07-18T16:22:15,72
2021-07-18T16:33:33,69
2021-07-18T16:43:42,69
2021-07-18T16:53:23,70
2021-07-18T17:07:44,70
2021-07-18T17:27:29,70
2021-07-18T17:41:22,69
2021-07-18T17:47:17,70
2021-07-18T18:02:11,69
2021-07-18T18:23:17,69
2021-07-18T18:34:00,69
2021-07-18T18:46:47,70
2021-07-18T18:46:47,70
2021-07-18T19:16:01,71
2021-07-18T19:31:27,71
2021-07-18T19:42:03,73
2021-07-18T19:42:03,73
2021-07-18T20:16:36,74
2021-07-18T21:32:01,76
2021-07-18T22:15:31,80
2021-07-18T22:41:07,80
2021-07-18T22:51:45,80
2021-07-18T23:04:11,81
2021-07-18T23:29:06,83
2021-07-18T23:46:41,83
2021-07-18T23:56:35,83
2021-07-19T00:21:44,83
2021-07-19T00:46:50,80
2021-07-19T01:00:02,78
2021-07-19T01:19:49,81
2021-07-19T01:30:19,81
2021-07-19T01:37:01,83
2021-07-19T01:50:11,84
2021-07-19T02:00:07,84
2021-07-19T02:29:59,84
2021-07-19T02:54:05,84
2021-07-19T03:09:05,84
2021-07-19T03:25:58,84
2021-07-19T03:35:47,85
2021-07-19T03:45:41,85
2021-07-19T03:55:37,85
2021-07-19T04:15:45,85
2021-07-19T04:35:35,86
2021-07-19T04:45:37,87
2021-07-19T04:45:37,87
2021-07-19T05:16:40,86
2021-07-19T05:35:47,86
2021-07-19T05:47:41,86
2021-07-19T05:47:41,86
2021-07-19T06:20:59,85
2021-07-19T06:38:07,84
2021-07-19T06:48:10,87
2021-07-19T06:58:13,87
2021-07-19T07:16:37,88
2021-07-19T07:28:19,88
2021-07-19T07:36:20,88
2021-07-19T07:36:20,88
2021-07-19T07:58:07,85
2021-07-19T08:28:19,84
2021-07-19T09:04:09,78
2021-07-19T09:29:23,77
2021-07-19T09:42:40,75
2021-07-19T09:42:40,75
2021-07-19T10:06:15,73
2021-07-19T10:23:13,71
2021-07-19T10:33:58,71
2021-07-19T10:44:05,71
2021-07-19T10:54:02,70
2021-07-19T11:11:18,71
2021-07-19T11:36:27,72
2021-07-19T11:52:46,72
2021-07-19T12:10:05,73
2021-07-19T12:50:39,75
2021-07-19T13:12:04,74
2021-07-19T13:36:40,75
2021-07-19T13:48:35,74
2021-07-19T13:48:35,74
2021-07-19T14:24:10,72
2021-07-19T14:51:01,72
2021-07-19T14:51:01,72
2021-07-19T15:17:48,73
2021-07-19T15:23:19,73
2021-07-19T15:37:41,73
2021-07-19T15:47:31,72
2021-07-19T15:57:34,72
2021-07-19T16:18:37,70
2021-07-19T16:32:15,70
2021-07-19T16:32:15,70
2021-07-19T16:51:24,70
2021-07-19T16:59:16,71
2021-07-19T17:24:42,69
2021-07-19T17:38:57,69
2021-07-19T17:48:57,69
2021-07-19T17:58:39,71
2021-07-19T18:20:47,71
2021-07-19T18:35:15,71
2021-07-19T18:35:15,71
2021-07-19T18:54:47,72
2021-07-19T19:11:43,72
2021-07-19T19:28:46,73
2021-07-19T19:36:09,73
2021-07-19T19:50:22,74
2021-07-19T20:00:11,75
2021-07-19T21:16:20,78
2021-07-19T22:13:44,79
2021-07-19T22:41:07,80
2021-07-19T22:53:04,80
2021-07-19T23:08:40,80
2021-07-19T23:32:08,84
2021-07-19T23:47:38,84
2021-07-19T23:57:26,85
2021-07-20T00:24:09,85
2021-07-20T00:59:44,85
2021-07-20T01:19:23,85
2021-07-20T01:30:04,85
2021-07-20T01:39:53,85
2021-07-20T01:49:45,85
2021-07-20T01:49:45,85
2021-07-20T02:29:01,86
2021-07-20T02:53:33,86
2021-07-20T03:07:56,86
2021-07-20T03:25:07,88
2021-07-20T03:35:06,86
2021-07-20T03:41:33,86
2021-07-20T03:41:33,86
2021-07-20T04:13:53,86
2021-07-20T04:34:47,86
2021-07-20T04:46:11,87
2021-07-20T04:56:10,87
2021-07-20T05:16:05,87
2021-07-20T05:35:14,87
2021-07-20T05:47:29,90
2021-07-20T05:57:19,90
2021-07-20T06:20:08,90
2021-07-20T06:37:28,89
2021-07-20T06:47:30,88
2021-07-20T06:59:38,89
2021-07-20T07:15:14,88
2021-07-20T07:27:33,89
2021-07-20T07:33:17,88
2021-07-20T07:33:17,88
2021-07-20T07:57:20,85
2021-07-20T08:28:45,85
2021-07-20T09:02:05,83
2021-07-20T09:27:17,78
2021-07-20T09:40:11,77
2021-07-20T09:40:11,77
2021-07-20T09:59:59,76
2021-07-20T10:20:12,74
2021-07-20T10:27:36,73
2021-07-20T10:40:25,73
2021-07-20T10:50:31,72
2021-07-20T11:00:13,72
2021-07-20T11:27:33,71
2021-07-20T11:47:57,71
2021-07-20T11:57:50,71
2021-07-20T12:29:38,70
2021-07-20T13:03:58,68
2021-07-20T13:29:55,67
2021-07-20T13:45:46,66
2021-07-20T13:55:37,68
2021-07-20T14:15:25,68
2021-07-20T14:41:14,59
2021-07-20T14:55:21,68
2021-07-20T15:10:37,68
2021-07-20T15:21:44,68
2021-07-20T15:31:37,70
2021-07-20T15:41:28,68
2021-07-20T15:51:39,70
2021-07-20T16:03:15,69
2021-07-20T16:24:43,70
2021-07-20T16:33:52,68
2021-07-20T16:47:30,70
2021-07-20T16:57:18,70
2021-07-20T17:16:57,69
2021-07-20T17:33:42,70
2021-07-20T17:44:58,70
2021-07-20T17:55:01,71
2021-07-20T18:10:28,72
2021-07-20T18:27:52,72
2021-07-20T18:42:57,72
2021-07-20T18:52:48,73
2021-07-20T19:04:47,72
2021-07-20T19:21:30,73
2021-07-20T19:36:11,72
2021-07-20T19:46:01,73
2021-07-20T19:54:53,74
2021-07-20T20:49:55,75
2021-07-20T21:50:04,78
2021-07-20T22:19:08,79
2021-07-20T22:43:35,80
2021-07-20T22:53:28,80
2021-07-20T23:09:15,80
2021-07-20T23:28:19,81
2021-07-20T23:48:36,84
2021-07-20T23:58:28,84
2021-07-21T00:27:36,85
2021-07-21T00:51:30,85
2021-07-21T01:02:32,85
2021-07-21T01:18:36,85
2021-07-21T01:31:08,85
2021-07-21T01:31:08,85
2021-07-21T01:50:54,85
2021-07-21T02:00:39,86
2021-07-21T02:29:57,85
2021-07-21T02:53:39,85
2021-07-21T03:08:01,86
2021-07-21T03:25:16,85
2021-07-21T03:30:57,85
2021-07-21T03:44:52,85
2021-07-21T03:54:53,86
2021-07-21T04:13:59,86
2021-07-21T04:34:21,87
2021-07-21T04:46:05,88
2021-07-21T04:55:59,88
2021-07-21T05:15:27,87
2021-07-21T05:35:10,87
2021-07-21T05:47:30,87
2021-07-21T05:57:24,87
2021-07-21T06:15:30,87
2021-07-21T06:37:10,88
2021-07-21T06:47:17,88
2021-07-21T06:57:14,88
2021-07-21T07:14:35,88
2021-07-21T07:26:59,88
2021-07-21T07:34:32,88
2021-07-21T07:43:41,88
2021-07-21T07:43:41,88
2021-07-21T08:25:40,86
2021-07-21T08:58:46,83
2021-07-21T09:25:11,82
2021-07-21T09:38:22,82
2021-07-21T09:48:10,82
2021-07-21T09:57:56,82
2021-07-21T10:17:41,82
2021-07-21T10:29:42,82
2021-07-21T10:39:37,81
2021-07-21T10:49:23,78
2021-07-21T10:49:23,78
2021-07-21T11:26:17,75
2021-07-21T11:46:34,73
2021-07-21T11:46:34,73
2021-07-21T12:25:11,70
2021-07-21T12:58:43,69
2021-07-21T13:25:11,67
2021-07-21T13:46:54,68
2021-07-21T13:56:38,68
2021-07-21T14:20:01,67
2021-07-21T14:42:41,69
2021-07-21T14:55:47,68
2021-07-21T15:11:21,67
2021-07-21T15:22:18,68
2021-07-21T15:32:23,68
2021-07-21T15:42:07,68
2021-07-21T15:51:55,68
2021-07-21T16:05:16,67
2021-07-21T16:27:15,67
2021-07-21T16:40:59,66
2021-07-21T16:50:53,66
2021-07-21T17:01:09,67
2021-07-21T17:23:54,67
2021-07-21T17:38:57,67
2021-07-21T17:48:43,67
2021-07-21T17:58:37,68
2021-07-21T18:21:03,69
2021-07-21T18:35:08,70
2021-07-21T18:35:08,70
2021-07-21T18:54:51,71
2021-07-21T19:12:04,71
2021-07-21T19:29:19,72
2021-07-21T19:41:12,71
2021-07-21T19:41:12,71
2021-07-21T20:11:56,73
2021-07-21T21:32:56,77
2021-07-21T22:19:13,78
2021-07-21T22:44:37,79
2021-07-21T22:54:38,79
2021-07-21T23:12:16,83
2021-07-21T23:33:58,83
2021-07-21T23:48:17,83
2021-07-21T23:58:01,84
2021-07-22T00:26:33,84
2021-07-22T00:50:31,84
2021-07-22T00:50:31,84
2021-07-22T01:17:56,84
2021-07-22T01:28:13,84
2021-07-22T01:38:09,84
2021-07-22T01:47:47,84
2021-07-22T01:57:41,85
2021-07-22T02:24:51,70
2021-07-22T02:49:42,86
2021-07-22T02:59:41,86
2021-07-22T03:20:24,87
2021-07-22T03:31:09,88
2021-07-22T03:41:07,88
2021-07-22T03:41:07,88
2021-07-22T04:00:46,88
2021-07-22T04:24:44,87
2021-07-22T04:40:47,87
2021-07-22T04:50:38,87
2021-07-22T05:00:42,87
2021-07-22T05:25:12,86
2021-07-22T05:41:16,88
2021-07-22T05:51:08,88
2021-07-22T06:01:50,88
2021-07-22T06:26:38,87
2021-07-22T06:41:52,88
2021-07-22T06:41:52,88
2021-07-22T07:02:33,87
2021-07-22T07:20:05,89
2021-07-22T07:20:05,89
2021-07-22T07:39:48,88
2021-07-22T07:47:57,85
2021-07-22T07:55:42,85
2021-07-22T08:36:42,83
2021-07-22T09:04:59,79
2021-07-22T09:29:04,79
2021-07-22T09:42:49,78
2021-07-22T09:52:53,81
2021-07-22T10:06:52,81
2021-07-22T10:23:36,80
2021-07-22T10:34:00,79
2021-07-22T10:44:05,79
2021-07-22T10:52:56,76
2021-07-22T11:10:36,77
2021-07-22T11:36:14,75
2021-07-22T11:51:02,74
2021-07-22T12:13:04,74
2021-07-22T12:54:20,73
2021-07-22T13:18:57,72
2021-07-22T13:37:24,71
2021-07-22T13:50:08,71
2021-07-22T13:50:08,71
2021-07-22T14:28:32,70
2021-07-22T14:50:46,71
2021-07-22T15:00:43,71
2021-07-22T15:17:20,70
2021-07-22T15:27:16,69
2021-07-22T15:37:15,69
2021-07-22T15:47:03,70
2021-07-22T16:02:19,71
2021-07-22T16:17:30,70
2021-07-22T16:32:48,71
2021-07-22T16:39:53,72
2021-07-22T16:39:53,72
2021-07-22T17:05:51,71
2021-07-22T17:26:46,71
2021-07-22T17:41:22,70
2021-07-22T17:41:22,70
2021-07-22T18:01:36,72
2021-07-22T18:23:08,72
2021-07-22T18:36:56,72
2021-07-22T18:36:56,72
2021-07-22T18:56:44,73
2021-07-22T19:16:16,72
2021-07-22T19:31:13,73
2021-07-22T19:41:59,73
2021-07-22T19:41:59,73
2021-07-22T20:17:27,74
2021-07-22T21:32:31,79
2021-07-22T22:16:20,80
2021-07-22T22:41:44,80
2021-07-22T22:51:52,83
2021-07-22T23:04:20,84
2021-07-22T23:28:42,84
2021-07-22T23:46:24,84
2021-07-22T23:56:12,84
2021-07-23T00:20:45,85
2021-07-23T00:45:50,85
2021-07-23T00:59:27,85
2021-07-23T01:19:23,85
2021-07-23T01:30:00,85
2021-07-23T01:39:49,85
2021-07-23T01:49:49,85
2021-07-23T01:59:40,85
2021-07-23T02:29:27,85
2021-07-23T02:53:32,86
2021-07-23T03:08:02,85
2021-07-23T03:24:53,85
2021-07-23T03:34:52,85
2021-07-23T03:44:49,85
2021-07-23T03:54:32,85
2021-07-23T04:13:05,85
2021-07-23T04:34:12,88
2021-07-23T04:45:53,88
2021-07-23T04:55:46,88
2021-07-23T05:14:51,87
2021-07-23T05:34:38,85
2021-07-23T05:47:28,85
2021-07-23T05:47:28,85
2021-07-23T06:20:05,85
2021-07-23T06:37:32,84
2021-07-23T06:47:43,84
2021-07-23T06:57:35,84
2021-07-23T07:15:21,84
2021-07-23T07:27:47,84
2021-07-23T07:37:49,83
2021-07-23T07:37:49,83
2021-07-23T07:57:22,83
2021-07-23T08:27:19,83
2021-07-23T09:01:30,78
2021-07-23T09:24:55,77
2021-07-23T09:39:20,77
2021-07-23T09:49:25,76
2021-07-23T09:59:10,76
2021-07-23T10:19:55,75
2021-07-23T10:30:49,74
2021-07-23T10:40:37,74
2021-07-23T10:40:37,74
2021-07-23T11:00:36,74
2021-07-23T11:25:38,74
2021-07-23T11:44:23,73
2021-07-23T11:57:03,73
2021-07-23T12:27:35,71
2021-07-23T13:04:16,72
2021-07-23T13:30:26,70
2021-07-23T13:46:16,70
2021-07-23T13:56:10,71
2021-07-23T14:17:52,70
2021-07-23T14:37:07,70
2021-07-23T14:55:18,71
2021-07-23T15:10:25,70
2021-07-23T15:21:47,70
2021-07-23T15:21:47,70
2021-07-23T15:40:55,70
2021-07-23T15:51:22,70
2021-07-23T16:02:15,71
2021-07-23T16:23:46,72
2021-07-23T16:32:02,71
2021-07-23T16:32:02,71
2021-07-23T16:55:37,73
2021-07-23T17:13:24,73
2021-07-23T17:31:48,74
2021-07-23T17:44:17,74
2021-07-23T17:54:14,75
2021-07-23T18:09:36,75
2021-07-23T18:27:13,75
2021-07-23T18:41:53,75
2021-07-23T18:52:26,75
2021-07-23T19:03:40,75
2021-07-23T19:19:02,75
2021-07-23T19:33:27,76
2021-07-23T19:45:31,76
2021-07-23T19:45:31,76
2021-07-23T20:43:00,78
2021-07-23T21:44:09,78
2021-07-23T22:16:44,79
2021-07-23T22:42:22,83
2021-07-23T22:52:33,84
2021-07-23T23:06:46,83
2021-07-23T23:30:34,83
2021-07-23T23:47:00,83
2021-07-23T23:56:48,79
2021-07-24T00:19:02,79
2021-07-24T00:45:46,80
2021-07-24T00:58:43,80
2021-07-24T01:18:16,84
2021-07-24T01:29:14,84
2021-07-24T01:29:14,84
2021-07-24T01:49:09,85
2021-07-24T01:49:09,85
2021-07-24T02:27:38,85
2021-07-24T02:51:14,84
2021-07-24T03:01:43,84
2021-07-24T03:20:48,84
2021-07-24T03:30:38,84
2021-07-24T03:40:29,85
2021-07-24T03:50:17,88
2021-07-24T04:00:28,88
2021-07-24T04:24:55,88
2021-07-24T04:39:35,87
2021-07-24T04:49:21,87
2021-07-24T04:59:12,87
2021-07-24T05:23:37,87
2021-07-24T05:39:17,87
2021-07-24T05:49:05,87
2021-07-24T05:58:54,88
2021-07-24T06:23:51,88
2021-07-24T06:38:53,88
2021-07-24T06:48:53,88
2021-07-24T06:58:39,88
2021-07-24T07:14:14,88
2021-07-24T07:27:58,88
2021-07-24T07:37:56,88
2021-07-24T07:47:42,87
2021-07-24T07:47:42,87
2021-07-24T08:30:11,87
2021-07-24T09:00:41,85
2021-07-24T09:24:23,83
2021-07-24T09:35:58,82
2021-07-24T09:45:40,82
2021-07-24T09:55:48,80
2021-07-24T10:12:12,76
2021-07-24T10:22:36,76
2021-07-24T10:36:22,75
2021-07-24T10:44:06,75
2021-07-24T10:54:36,75
2021-07-24T11:16:26,73
2021-07-24T11:39:01,71
2021-07-24T11:49:03,70
2021-07-24T12:10:19,69
2021-07-24T12:48:37,67
2021-07-24T13:09:05,66
2021-07-24T13:32:53,65
2021-07-24T13:45:20,64
2021-07-24T13:51:29,63
2021-07-24T14:15:07,64
2021-07-24T14:39:42,63
2021-07-24T14:54:12,63
2021-07-24T15:04:05,61
2021-07-24T15:20:13,61
2021-07-24T15:20:13,61
2021-07-24T15:40:03,58
2021-07-24T15:49:55,57
2021-07-24T15:59:58,57
2021-07-24T16:21:38,56
2021-07-24T16:32:59,57
2021-07-24T16:42:56,57
2021-07-24T16:42:56,57
2021-07-24T17:03:00,59
2021-07-24T17:26:12,59
2021-07-24T17:40:10,62
2021-07-24T17:50:07,62
2021-07-24T18:00:08,63
2021-07-24T18:21:45,64
2021-07-24T18:35:24,65
2021-07-24T18:35:24,65
2021-07-24T18:54:37,67
2021-07-24T19:12:27,67
2021-07-24T19:29:40,68
2021-07-24T19:40:58,70
2021-07-24T19:50:51,69
2021-07-24T20:00:50,69
2021-07-24T21:12:58,71
2021-07-24T22:07:23,73
2021-07-24T22:36:17,73
2021-07-24T22:50:01,74
2021-07-24T22:50:01,74
2021-07-24T23:25:58,75
2021-07-24T23:42:51,76
2021-07-24T23:52:50,76
2021-07-25T00:08:36,77
2021-07-25T00:37:42,78
2021-07-25T00:55:32,78
2021-07-25T01:08:21,79
2021-07-25T01:26:15,79
2021-07-25T01:36:15,80
2021-07-25T01:46:07,80
2021-07-25T01:55:56,80
2021-07-25T02:17:47,81
2021-07-25T02:43:12,81
2021-07-25T02:57:02,82
2021-07-25T03:15:45,86
2021-07-25T03:28:48,86
2021-07-25T03:38:54,86
2021-07-25T03:48:54,86
2021-07-25T03:58:45,87
2021-07-25T04:23:21,87
2021-07-25T04:37:59,88
2021-07-25T04:47:58,88
2021-07-25T04:57:48,88
2021-07-25T05:19:56,88
2021-07-25T05:36:30,89
2021-07-25T05:47:15,89
2021-07-25T05:54:51,89
2021-07-25T06:19:46,89
2021-07-25T06:36:37,89
2021-07-25T06:46:29,89
2021-07-25T06:56:17,89
2021-07-25T07:12:24,90
2021-07-25T07:25:34,90
2021-07-25T07:35:39,90
2021-07-25T07:45:29,90
2021-07-25T07:55:30,89
2021-07-25T08:19:34,88
2021-07-25T08:51:20,86
2021-07-25T09:09:05,86
2021-07-25T09:29:12,84
2021-07-25T09:40:04,83
2021-07-25T09:49:40,79
2021-07-25T09:59:47,78
2021-07-25T10:19:15,77
2021-07-25T10:29:43,76
2021-07-25T10:39:45,75
2021-07-25T10:39:45,75
2021-07-25T10:59:34,73
2021-07-25T11:25:52,71
2021-07-25T11:45:03,69
2021-07-25T11:45:03,69
2021-07-25T12:17:21,66
2021-07-25T12:54:40,66
2021-07-25T13:16:27,64
2021-07-25T13:34:11,63
2021-07-25T13:46:37,63
2021-07-25T13:46:37,63
2021-07-25T14:15:27,59
2021-07-25T14:41:14,58
2021-07-25T14:52:20,58
2021-07-25T15:07:18,57
2021-07-25T15:15:27,58
2021-07-25T15:30:03,59
2021-07-25T15:40:13,60
2021-07-25T15:46:42,61
2021-07-25T15:57:01,62
2021-07-25T16:21:53,63
2021-07-25T16:33:07,63
2021-07-25T16:43:02,63
2021-07-25T16:43:02,63
2021-07-25T17:04:17,64
2021-07-25T17:26:53,64
2021-07-25T17:40:39,64
2021-07-25T17:50:26,65
2021-07-25T18:00:18,66
2021-07-25T18:21:57,66
2021-07-25T18:35:24,67
2021-07-25T18:45:08,67
2021-07-25T18:55:05,68
2021-07-25T19:08:22,68
2021-07-25T19:28:44,69
2021-07-25T19:40:32,70
2021-07-25T19:50:18,70
2021-07-25T20:00:38,71
2021-07-25T21:09:55,71
2021-07-25T22:10:11,74
2021-07-25T22:34:02,73
2021-07-25T22:52:00,76
2021-07-25T23:05:04,76
2021-07-25T23:28:33,76
2021-07-25T23:45:44,76
2021-07-25T23:55:33,76
2021-07-26T00:17:46,76
2021-07-26T00:44:24,77
2021-07-26T00:58:42,77
2021-07-26T01:18:35,77
2021-07-26T01:29:40,77
2021-07-26T01:29:40,77
2021-07-26T01:49:27,78
2021-07-26T01:59:20,79
2021-07-26T02:28:48,80
2021-07-26T02:53:12,82
2021-07-26T03:07:29,82
2021-07-26T03:24:48,82
2021-07-26T03:32:13,82
2021-07-26T03:44:53,82
2021-07-26T03:54:31,86
2021-07-26T04:13:15,86
2021-07-26T04:34:31,87
2021-07-26T04:45:59,87
2021-07-26T04:45:59,87
2021-07-26T05:22:07,87
2021-07-26T05:55:22,87
2021-07-26T06:32:15,88
2021-07-26T07:00:35,88
2021-07-26T07:21:09,88
2021-07-26T07:31:57,88
2021-07-26T07:31:57,88
2021-07-26T07:51:40,88
2021-07-26T08:06:34,87
2021-07-26T08:42:12,86
2021-07-26T09:09:49,81
2021-07-26T09:27:07,77
2021-07-26T09:43:10,76
2021-07-26T09:52:55,75
2021-07-26T10:07:02,73
2021-07-26T10:20:52,72
2021-07-26T10:34:41,71
2021-07-26T10:41:21,70
2021-07-26T10:54:14,68
2021-07-26T11:12:34,67
2021-07-26T11:37:10,64
2021-07-26T11:53:23,64
2021-07-26T12:12:29,64
2021-07-26T12:52:56,62
2021-07-26T13:15:45,63
2021-07-26T13:36:48,59
2021-07-26T13:46:40,61
2021-07-26T13:56:42,60
2021-07-26T14:20:53,57
2021-07-26T14:43:10,59
2021-07-26T14:57:52,60
2021-07-26T15:15:18,60
2021-07-26T15:15:18,60
2021-07-26T15:35:10,60
2021-07-26T15:45:01,60
2021-07-26T15:45:01,60
2021-07-26T16:08:08,59
2021-07-26T16:29:54,60
2021-07-26T16:38:15,60
2021-07-26T16:51:14,61
2021-07-26T17:01:03,61
2021-07-26T17:22:48,62
2021-07-26T17:37:13,63
2021-07-26T17:44:50,64
2021-07-26T17:44:50,64
2021-07-26T18:17:41,66
2021-07-26T18:34:37,66
2021-07-26T18:42:22,66
2021-07-26T18:42:22,66
2021-07-26T19:10:16,66
2021-07-26T19:27:15,66
2021-07-26T19:40:48,65
2021-07-26T19:40:48,65
2021-07-26T20:00:20,67
2021-07-26T21:09:07,70
2021-07-26T22:12:39,75
2021-07-26T22:39:55,74
2021-07-26T22:49:51,74
2021-07-26T23:05:13,74
2021-07-26T23:29:50,73
2021-07-26T23:48:34,74
2021-07-26T23:58:19,75
2021-07-27T00:25:00,74
2021-07-27T00:47:34,77
2021-07-27T00:58:23,78
2021-07-27T01:18:26,78
2021-07-27T01:24:57,78
2021-07-27T01:39:34,78
2021-07-27T01:39:34,78
2021-07-27T01:59:06,78
2021-07-27T02:28:49,78
2021-07-27T02:53:27,81
2021-07-27T03:08:01,80
2021-07-27T03:25:12,79
2021-07-27T03:35:07,81
2021-07-27T03:44:51,81
2021-07-27T03:54:44,80
2021-07-27T04:13:39,81
2021-07-27T04:34:39,83
2021-07-27T04:43:33,83
2021-07-27T04:43:33,83
2021-07-27T05:15:23,83
2021-07-27T05:47:21,85
2021-07-27T05:47:21,85
2021-07-27T06:19:19,84
2021-07-27T06:36:42,84
2021-07-27T06:46:51,83
2021-07-27T06:56:42,83
2021-07-27T07:13:17,84
2021-07-27T07:26:37,84
2021-07-27T07:36:23,84
2021-07-27T07:46:52,85
2021-07-27T07:56:19,85
2021-07-27T08:24:53,84
2021-07-27T08:57:48,85
2021-07-27T09:23:41,83
2021-07-27T09:37:15,82
2021-07-27T09:44:59,82
2021-07-27T09:44:59,82
2021-07-27T10:15:43,80
2021-07-27T10:29:03,79
2021-07-27T10:40:21,78
2021-07-27T10:50:13,75
2021-07-27T11:00:14,74
2021-07-27T11:28:04,72
2021-07-27T11:49:25,71
2021-07-27T11:59:13,71
2021-07-27T12:34:58,68
2021-07-27T13:05:28,68
2021-07-27T13:31:17,69
2021-07-27T13:46:39,69
2021-07-27T13:56:40,70
2021-07-27T14:20:01,69
2021-07-27T14:42:43,70
2021-07-27T14:55:57,71
2021-07-27T15:11:54,72
2021-07-27T15:22:34,71
2021-07-27T15:32:34,72
2021-07-27T15:42:30,73
2021-07-27T15:42:30,73
2021-07-27T16:03:28,73
2021-07-27T16:24:05,72
2021-07-27T16:35:14,72
2021-07-27T16:44:16,71
2021-07-27T16:54:50,71
2021-07-27T17:08:09,71
2021-07-27T17:30:20,70
2021-07-27T17:43:41,70
2021-07-27T17:53:40,70
2021-07-27T18:08:14,70
2021-07-27T18:28:34,71
2021-07-27T18:41:55,71
2021-07-27T18:51:42,72
2021-07-27T19:03:42,72
2021-07-27T19:24:18,74
2021-07-27T19:34:03,74
2021-07-27T19:46:27,74
2021-07-27T19:56:18,74
2021-07-27T20:52:15,77
2021-07-27T21:51:24,77
2021-07-27T22:24:07,78
2021-07-27T22:44:16,78
2021-07-27T22:57:06,78
2021-07-27T23:20:05,79
2021-07-27T23:38:25,79
2021-07-27T23:45:30,79
2021-07-28T00:00:31,79
2021-07-28T00:26:42,78
2021-07-28T00:53:37,78
2021-07-28T01:08:46,79
2021-07-28T01:25:38,78
2021-07-28T01:35:41,79
2021-07-28T01:45:39,79
2021-07-28T01:45:39,79
2021-07-28T02:17:42,82
2021-07-28T02:44:47,83
2021-07-28T02:59:12,84
2021-07-28T03:19:55,84
2021-07-28T03:30:37,85
2021-07-28T03:40:28,84
2021-07-28T03:50:37,84
2021-07-28T04:00:26,84
2021-07-28T04:24:12,83
2021-07-28T04:40:07,83
2021-07-28T04:49:45,83
2021-07-28T04:59:39,83
2021-07-28T05:24:47,84
2021-07-28T05:40:47,83
2021-07-28T05:50:48,83
2021-07-28T05:50:48,83
2021-07-28T06:26:07,84
2021-07-28T06:41:37,84
2021-07-28T06:41:37,84
2021-07-28T07:02:05,86
2021-07-28T07:19:42,85
2021-07-28T07:29:24,86
2021-07-28T07:39:14,86
2021-07-28T07:49:09,85
2021-07-28T07:59:01,85
2021-07-28T08:36:46,82
2021-07-28T09:09:00,82
2021-07-28T09:33:46,83
2021-07-28T09:45:35,84
2021-07-28T09:52:26,84
2021-07-28T10:11:57,82
2021-07-28T10:26:47,83
2021-07-28T10:37:09,91
2021-07-28T10:47:15,88
2021-07-28T10:57:08,88
2021-07-28T11:20:40,91
2021-07-28T11:41:34,94
2021-07-28T11:55:19,88
2021-07-28T12:20:18,88
2021-07-28T12:59:44,94
2021-07-28T13:27:53,86
2021-07-28T13:45:38,90
2021-07-28T13:45:38,90
2021-07-28T14:16:12,80
2021-07-28T14:41:26,85
2021-07-28T14:55:49,85
2021-07-28T15:11:20,84
2021-07-28T15:22:20,83
2021-07-28T15:27:59,82
2021-07-28T15:27:59,82
2021-07-28T15:52:19,80
2021-07-28T16:06:08,77
2021-07-28T16:21:51,76
2021-07-28T16:38:01,76
2021-07-28T16:47:58,77
2021-07-28T16:57:40,77
2021-07-28T17:18:28,77
2021-07-28T17:34:53,78
2021-07-28T17:45:53,78
2021-07-28T17:55:43,78
2021-07-28T18:12:45,78
2021-07-28T18:27:55,78
2021-07-28T18:38:07,78
2021-07-28T18:38:07,78
2021-07-28T18:58:11,79
2021-07-28T19:20:03,79
2021-07-28T19:33:07,79
2021-07-28T19:42:37,79
2021-07-28T19:53:20,80
2021-07-28T20:24:25,80
2021-07-28T21:39:38,84
2021-07-28T22:17:09,84
2021-07-28T22:42:18,85
2021-07-28T22:52:32,85
2021-07-28T23:07:16,85
2021-07-28T23:31:06,85
2021-07-28T23:47:21,84
2021-07-28T23:56:16,85
2021-07-29T00:22:50,85
2021-07-29T00:47:02,86
2021-07-29T00:59:46,88
2021-07-29T01:19:26,87
2021-07-29T01:30:08,85
2021-07-29T01:39:56,85
2021-07-29T01:49:55,86
2021-07-29T01:59:48,85
2021-07-29T02:29:15,85
2021-07-29T02:53:20,87
2021-07-29T03:07:58,86
2021-07-29T03:25:05,87
2021-07-29T03:25:05,87
2021-07-29T03:45:23,87
2021-07-29T03:58:34,87
2021-07-29T04:13:34,88
2021-07-29T04:30:38,87
2021-07-29T04:45:24,87
2021-07-29T04:55:21,87
2021-07-29T05:14:12,88
2021-07-29T05:34:04,88
2021-07-29T05:47:06,89
2021-07-29T05:47:06,89
2021-07-29T06:18:15,92
2021-07-29T06:36:37,91
2021-07-29T06:47:05,92
2021-07-29T06:57:07,92
2021-07-29T07:14:14,92
2021-07-29T07:26:56,89
2021-07-29T07:26:56,89
2021-07-29T07:46:44,89
2021-07-29T07:52:16,89
2021-07-29T08:25:32,89
2021-07-29T09:00:21,87
2021-07-29T09:27:55,86
2021-07-29T09:41:31,85
2021-07-29T09:48:51,83
2021-07-29T10:02:12,82
2021-07-29T10:21:05,81
2021-07-29T10:27:19,80
2021-07-29T10:27:19,80
2021-07-29T10:50:51,80
2021-07-29T11:01:03,81
2021-07-29T11:27:34,82
2021-07-29T11:47:58,83
2021-07-29T11:47:58,83
2021-07-29T12:31:17,84
2021-07-29T13:02:36,87
2021-07-29T13:31:22,86
2021-07-29T13:48:16,88
2021-07-29T13:56:23,88
2021-07-29T14:19:10,86
2021-07-29T14:43:39,91
2021-07-29T14:57:34,91
2021-07-29T15:14:23,78
2021-07-29T15:24:40,81
2021-07-29T15:34:49,81
2021-07-29T15:34:49,81
2021-07-29T15:54:28,82
2021-07-29T16:11:23,84
2021-07-29T16:29:34,85
2021-07-29T16:41:04,84
2021-07-29T16:50:51,84
2021-07-29T17:01:04,83
2021-07-29T17:22:49,83
2021-07-29T17:37:21,82
2021-07-29T17:37:21,82
2021-07-29T17:57:01,82
2021-07-29T18:18:37,81
2021-07-29T18:33:55,81
2021-07-29T18:43:56,81
2021-07-29T18:53:45,81
2021-07-29T19:04:52,81
2021-07-29T19:27:47,81
2021-07-29T19:39:37,82
2021-07-29T19:49:19,83
2021-07-29T19:59:32,83
2021-07-29T21:13:04,83
2021-07-29T22:14:17,83
2021-07-29T22:42:01,84
2021-07-29T22:53:36,84
2021-07-29T23:09:48,85
2021-07-29T23:32:19,87
2021-07-29T23:47:25,88
2021-07-29T23:47:25,88
2021-07-30T00:24:13,89
2021-07-30T00:48:34,89
2021-07-30T01:00:37,90
2021-07-30T01:20:00,88
2021-07-30T01:30:08,88
2021-07-30T01:40:04,88
2021-07-30T01:49:54,88
2021-07-30T02:00:03,88
2021-07-30T02:28:08,87
2021-07-30T02:53:20,87
2021-07-30T03:07:50,87
2021-07-30T03:24:48,87
2021-07-30T03:24:48,87
2021-07-30T03:44:37,87
2021-07-30T03:54:33,88
2021-07-30T04:08:17,88
2021-07-30T04:34:06,88
2021-07-30T04:45:39,88
2021-07-30T04:45:39,88
2021-07-30T05:14:14,88
2021-07-30T05:34:02,88
2021-07-30T05:46:56,89
2021-07-30T05:56:40,89
2021-07-30T06:18:03,89
2021-07-30T06:36:13,89
2021-07-30T06:46:27,89
2021-07-30T06:56:17,89
2021-07-30T07:07:54,89
2021-07-30T07:26:07,88
2021-07-30T07:26:07,88
2021-07-30T07:45:53,83
2021-07-30T07:55:48,85
2021-07-30T08:22:54,86
2021-07-30T08:56:36,84
2021-07-30T09:22:09,81
2021-07-30T09:36:40,81
2021-07-30T09:36:40,81
2021-07-30T09:56:24,79
2021-07-30T10:14:13,78
2021-07-30T10:28:13,77
2021-07-30T10:38:25,77
2021-07-30T10:48:27,77
2021-07-30T10:58:10,76
2021-07-30T11:23:32,75
2021-07-30T11:40:16,75
2021-07-30T11:53:01,75
2021-07-30T12:15:10,73
2021-07-30T12:53:20,73
2021-07-30T13:20:36,72
2021-07-30T13:38:50,72
2021-07-30T13:48:33,70
2021-07-30T13:58:39,70
2021-07-30T14:26:28,70
2021-07-30T14:48:02,70
2021-07-30T14:58:00,69
2021-07-30T15:15:19,69
2021-07-30T15:25:14,69
2021-07-30T15:25:14,69
2021-07-30T15:44:52,69
2021-07-30T15:54:39,68
2021-07-30T16:11:54,68
2021-07-30T16:29:27,68
2021-07-30T16:40:57,67
2021-07-30T16:50:47,68
2021-07-30T16:59:13,70
2021-07-30T17:22:05,68
2021-07-30T17:36:03,69
2021-07-30T17:45:54,69
2021-07-30T17:45:54,69
2021-07-30T18:13:14,70
2021-07-30T18:31:49,70
2021-07-30T18:42:35,70
2021-07-30T18:52:38,71
2021-07-30T19:06:38,71
2021-07-30T19:25:31,72
2021-07-30T19:33:48,72
2021-07-30T19:47:28,74
2021-07-30T19:55:29,74
2021-07-30T20:56:28,79
2021-07-30T21:58:37,81
2021-07-30T22:31:48,81
2021-07-30T22:49:21,81
2021-07-30T22:59:15,82
2021-07-30T23:25:06,82
2021-07-30T23:42:01,83
2021-07-30T23:42:01,83
2021-07-31T00:05:43,83
2021-07-31T00:34:37,82
2021-07-31T00:54:42,83
2021-07-31T01:09:50,83
2021-07-31T01:25:06,82
2021-07-31T01:25:06,82
2021-07-31T01:45:04,83
2021-07-31T01:45:04,83
2021-07-31T02:14:42,83
2021-07-31T02:41:01,84
2021-07-31T02:56:19,83
2021-07-31T03:14:21,83
2021-07-31T03:28:11,83
2021-07-31T03:38:14,84
2021-07-31T03:48:22,84
2021-07-31T03:58:18,84
2021-07-31T04:22:03,84
2021-07-31T04:37:11,84
2021-07-31T04:37:11,84
2021-07-31T04:57:04,84
2021-07-31T05:18:05,84
2021-07-31T05:35:27,84
2021-07-31T05:46:48,81
2021-07-31T05:56:42,81
2021-07-31T06:15:44,81
2021-07-31T06:35:09,80
2021-07-31T06:45:36,80
2021-07-31T06:55:24,80
2021-07-31T07:10:43,80
2021-07-31T07:24:42,81
2021-07-31T07:34:51,80
2021-07-31T07:34:51,80
2021-07-31T07:53:40,80
2021-07-31T08:16:03,80
2021-07-31T08:50:13,79
2021-07-31T09:04:57,77
2021-07-31T09:29:22,76
2021-07-31T09:40:12,76
2021-07-31T09:50:09,75
2021-07-31T10:00:05,75
2021-07-31T10:19:25,73
2021-07-31T10:29:42,73
2021-07-31T10:29:42,73
2021-07-31T10:49:34,72
2021-07-31T10:59:07,71
2021-07-31T11:21:44,70
2021-07-31T11:44:29,69
2021-07-31T11:44:29,69
2021-07-31T12:15:36,68
2021-07-31T12:53:06,68
2021-07-31T13:14:20,67
2021-07-31T13:36:35,65
2021-07-31T13:46:02,66
2021-07-31T13:57:09,66
2021-07-31T14:19:15,67
2021-07-31T14:42:52,69
2021-07-31T14:55:39,68
2021-07-31T15:10:43,68
2021-07-31T15:21:39,67
2021-07-31T15:21:39,67
2021-07-31T15:41:38,67
2021-07-31T15:51:15,66
2021-07-31T16:02:20,66
2021-07-31T16:23:11,66
2021-07-31T16:30:24,66
2021-07-31T16:44:31,67
2021-07-31T16:54:09,66
2021-07-31T17:09:36,66
2021-07-31T17:28:41,66
2021-07-31T17:40:57,67
2021-07-31T17:40:57,67
2021-07-31T18:03:50,67
2021-07-31T18:24:12,68
2021-07-31T18:36:19,68
2021-07-31T18:36:19,68
2021-07-31T18:57:59,68
2021-07-31T19:19:28,69
2021-07-31T19:32:22,70
2021-07-31T19:42:32,70
2021-07-31T19:42:32,70
2021-07-31T20:22:54,73
2021-07-31T21:42:52,75
2021-07-31T22:21:20,76
2021-07-31T22:45:29,76
2021-07-31T22:45:29,76
2021-07-31T23:14:26,76
2021-07-31T23:34:36,75
2021-07-31T23:44:21,75
2021-07-31T23:57:54,75
2021-08-01T00:25:15,76
2021-08-01T00:48:54,76
2021-08-01T00:59:46,76
2021-08-01T01:18:53,76
2021-08-01T01:29:24,76
2021-08-01T01:39:08,76
2021-08-01T01:49:10,76
2021-08-01T01:59:00,76
2021-08-01T02:27:54,77
2021-08-01T02:51:23,78
2021-08-01T03:01:58,78
2021-08-01T03:16:54,77
2021-08-01T03:16:54,77
2021-08-01T03:40:15,77
2021-08-01T03:50:23,77
2021-08-01T04:00:12,77
2021-08-01T04:24:37,80
2021-08-01T04:39:00,77
2021-08-01T04:49:06,80
2021-08-01T04:49:06,80
2021-08-01T05:22:15,80
2021-08-01T05:37:44,80
2021-08-01T05:47:50,80
