2021-06-23T14:41:26,72.39
2021-06-23T14:41:26,72.39
2021-06-23T14:41:26,72.39
2021-06-23T14:56:29,72.54
2021-06-23T15:10:14,72.73
2021-06-23T15:23:55,72.79
2021-06-23T15:23:55,72.79
2021-06-23T15:39:28,72.99
2021-06-23T15:39:28,72.99
2021-06-23T15:54:29,73.02
2021-06-23T16:09:24,73.27
2021-06-23T16:28:10,73.31
2021-06-23T16:40:10,73.18
2021-06-23T16:47:49,73.29
2021-06-23T16:55:23,73.31
2021-06-23T17:12:10,73.04
2021-06-23T17:30:53,72.95
2021-06-23T17:43:53,72.61
2021-06-23T17:51:18,72.5
2021-06-23T17:58:52,72.25
2021-06-23T18:21:07,72.01
2021-06-23T18:33:59,71.26
2021-06-23T18:42:45,71.15
2021-06-23T18:50:33,70.79
2021-06-23T19:01:00,70.25
2021-06-23T19:23:12,69.69
2021-06-23T19:36:59,67.59
2021-06-23T19:36:59,67.59
2021-06-23T19:56:38,65.41
2021-06-23T21:00:57,60.64
2021-06-23T21:55:06,58.39
2021-06-23T22:23:15,57.33
2021-06-23T22:42:14,56.46
2021-06-23T22:52:05,56.16
2021-06-23T23:06:41,55.56
2021-06-23T23:30:32,55.02
2021-06-23T23:47:04,54.66
2021-06-23T23:57:06,54.41
2021-06-24T00:24:20,53.89
2021-06-24T00:48:33,53.22
2021-06-24T00:59:23,52.95
2021-06-24T01:19:39,52.75
2021-06-24T01:30:35,52.63
2021-06-24T01:40:28,52.59
2021-06-24T01:50:40,52.38
2021-06-24T02:00:59,52.09
2021-06-24T02:30:39,51.64
2021-06-24T02:54:17,51.22
2021-06-24T03:10:26,51.01
2021-06-24T03:26:25,50.81
2021-06-24T03:36:16,50.22
2021-06-24T03:36:16,50.22
2021-06-24T03:55:59,50.23
2021-06-24T04:17:38,49.95
2021-06-24T04:35:42,49.5
2021-06-24T04:46:04,49.46
2021-06-24T04:56:05,49.51
2021-06-24T05:16:52,49.57
2021-06-24T05:35:44,49.62
2021-06-24T05:48:02,49.62
2021-06-24T05:48:02,49.62
2021-06-24T06:23:31,49.89
2021-06-24T06:39:58,52.02
2021-06-24T06:39:58,52.02
2021-06-24T06:59:37,53.62
2021-06-24T07:18:08,54.19
2021-06-24T07:28:53,54.77
2021-06-24T07:38:50,57.78
2021-06-24T07:48:44,58.44
2021-06-24T07:58:46,59.34
2021-06-24T08:34:35,63.12
2021-06-24T09:03:54,65.68
2021-06-24T09:28:46,66.67
2021-06-24T09:42:13,68.05
2021-06-24T09:51:59,69.21
2021-06-24T10:05:03,70.14
2021-06-24T10:22:14,70.9
2021-06-24T10:33:46,72.12
2021-06-24T10:43:33,72.36
2021-06-24T10:53:24,73.13
2021-06-24T11:10:30,73.63
2021-06-24T11:36:00,74.62
2021-06-24T11:53:01,75.04
2021-06-24T12:13:17,75.74
2021-06-24T12:53:07,76.73
2021-06-24T13:12:23,76.77
2021-06-24T13:38:32,77.16
2021-06-24T13:49:04,76.96
2021-06-24T13:59:03,77.31
2021-06-24T14:27:27,77.47
2021-06-24T14:49:39,77.45
2021-06-24T14:49:39,77.45
2021-06-24T15:17:06,77.31
2021-06-24T15:26:56,77.14
2021-06-24T15:36:59,76.93
2021-06-24T15:46:57,76.93
2021-06-24T15:46:57,76.93
2021-06-24T16:14:58,76.48
2021-06-24T16:27:12,76.28
2021-06-24T16:37:46,76.1
2021-06-24T16:37:46,76.1
2021-06-24T16:57:25,75.63
2021-06-24T17:18:23,75.11
2021-06-24T17:40:33,74.37
2021-06-24T17:52:39,74.1
2021-06-24T18:07:17,73.54
2021-06-24T18:28:05,73.08
2021-06-24T18:41:32,71.85
2021-06-24T18:41:32,71.85
2021-06-24T19:03:35,70.83
2021-06-24T19:24:34,70.29
2021-06-24T19:38:01,71.91
2021-06-24T19:47:43,70.75
2021-06-24T19:57:46,65.98
2021-06-24T21:07:03,63.23
2021-06-24T22:09:02,58.96
2021-06-24T22:41:11,58.17
2021-06-24T22:54:23,57.52
2021-06-24T23:12:58,57.78
2021-06-24T23:34:54,59.07
2021-06-24T23:49:07,58.95
2021-06-24T23:59:03,59.04
2021-06-25T00:28:35,59.83
2021-06-25T00:52:12,59.58
2021-06-25T01:05:09,59.63
2021-06-25T01:22:35,59.74
2021-06-25T01:33:03,59.56
2021-06-25T01:43:02,59.49
2021-06-25T01:43:02,59.49
2021-06-25T02:09:22,59.54
2021-06-25T02:37:47,59.18
2021-06-25T02:56:34,58.86
2021-06-25T03:13:17,59.13
2021-06-25T03:26:46,59
2021-06-25T03:26:46,59
2021-06-25T03:46:33,59.25
2021-06-25T03:56:50,59.09
2021-06-25T04:19:12,59.13
2021-06-25T04:36:26,59.14
2021-06-25T04:46:20,59.18
2021-06-25T04:46:20,59.18
2021-06-25T05:17:12,59.22
2021-06-25T05:36:15,59.07
2021-06-25T05:48:26,59
2021-06-25T05:58:15,58.86
2021-06-25T06:23:39,58.87
2021-06-25T06:40:11,58.91
2021-06-25T06:49:54,58.96
2021-06-25T06:59:51,59
2021-06-25T07:18:19,59.13
2021-06-25T07:29:17,59.13
2021-06-25T07:39:17,59.27
2021-06-25T07:49:08,59.43
2021-06-25T07:58:56,59.56
2021-06-25T08:34:24,60.4
2021-06-25T09:04:25,61.12
2021-06-25T09:29:29,61.59
2021-06-25T09:42:58,61.95
2021-06-25T09:52:42,62.35
2021-06-25T10:06:54,62.64
2021-06-25T10:23:37,63.07
2021-06-25T10:34:32,63.37
2021-06-25T10:34:32,63.37
2021-06-25T10:54:12,63.99
2021-06-25T11:12:40,64.4
2021-06-25T11:38:22,65.34
2021-06-25T11:54:49,66.07
2021-06-25T12:19:08,67.21
2021-06-25T12:58:47,68.77
2021-06-25T13:27:04,69.58
2021-06-25T13:45:08,70.18
2021-06-25T13:55:00,70.52
2021-06-25T14:15:21,71.13
2021-06-25T14:40:28,72.18
2021-06-25T14:55:21,73.18
2021-06-25T15:10:54,73.58
2021-06-25T15:22:46,73.74
2021-06-25T15:32:39,74.73
2021-06-25T15:42:27,75.27
2021-06-25T15:52:16,75.52
2021-06-25T16:06:29,76.15
2021-06-25T16:26:44,76.57
2021-06-25T16:38:55,77.02
2021-06-25T16:38:55,77.02
2021-06-25T16:58:32,77.2
2021-06-25T17:20:57,76.68
2021-06-25T17:36:20,75.88
2021-06-25T17:36:20,75.88
2021-06-25T17:56:04,75.87
2021-06-25T18:15:23,75.49
2021-06-25T18:33:15,74.8
2021-06-25T18:43:51,74.68
2021-06-25T18:53:35,74.3
2021-06-25T19:09:36,73.74
2021-06-25T19:28:36,72.97
2021-06-25T19:41:26,72.28
2021-06-25T19:51:21,71.42
2021-06-25T20:14:03,70.9
2021-06-25T21:25:24,67.41
2021-06-25T22:08:56,66.07
2021-06-25T22:38:19,65.26
2021-06-25T22:51:32,64.92
2021-06-25T23:04:24,64.81
2021-06-25T23:28:56,64.69
2021-06-25T23:46:50,64.62
2021-06-25T23:56:41,64.44
2021-06-26T00:22:07,64.53
2021-06-26T00:46:21,64.6
2021-06-26T00:58:33,64.53
2021-06-26T01:18:16,64.74
2021-06-26T01:29:51,64.76
2021-06-26T01:39:38,64.8
2021-06-26T01:49:34,64.94
2021-06-26T01:59:34,64.94
2021-06-26T02:29:10,65.3
2021-06-26T02:53:15,65.71
2021-06-26T03:07:35,65.8
2021-06-26T03:24:41,66
2021-06-26T03:34:34,66.06
2021-06-26T03:34:34,66.06
2021-06-26T03:54:18,66.07
2021-06-26T04:12:02,66.11
2021-06-26T04:32:18,66.18
2021-06-26T04:44:30,66.16
2021-06-26T04:44:30,66.16
2021-06-26T05:11:44,66.47
2021-06-26T05:32:39,66.61
2021-06-26T05:46:29,66.81
2021-06-26T05:56:33,66.83
2021-06-26T06:18:07,67.1
2021-06-26T06:36:33,67.39
2021-06-26T06:46:42,67.57
2021-06-26T06:56:30,67.8
2021-06-26T07:13:22,68.09
2021-06-26T07:26:42,68.41
2021-06-26T07:34:24,68.7
2021-06-26T07:34:24,68.7
2021-06-26T07:56:21,69.3
2021-06-26T08:24:25,70.03
2021-06-26T08:56:35,71.44
2021-06-26T09:20:36,72.18
2021-06-26T09:34:24,73.53
2021-06-26T09:34:24,73.53
2021-06-26T09:54:10,74.86
2021-06-26T10:09:26,75.42
2021-06-26T10:24:59,76.01
2021-06-26T10:35:12,77.68
2021-06-26T10:35:12,77.68
2021-06-26T10:55:10,78.08
2021-06-26T11:15:19,78.53
2021-06-26T11:38:58,79.52
2021-06-26T11:53:55,79.99
2021-06-26T12:14:51,80.38
2021-06-26T12:53:20,81.36
2021-06-26T13:12:33,81.46
2021-06-26T13:36:57,81.19
2021-06-26T13:47:00,81.19
2021-06-26T13:57:09,81.14
2021-06-26T14:21:58,81.63
2021-06-26T14:43:11,81.48
2021-06-26T14:55:11,81.48
2021-06-26T15:10:14,81.12
2021-06-26T15:21:57,81.01
2021-06-26T15:31:49,80.78
2021-06-26T15:41:37,80.69
2021-06-26T15:51:50,80.51
2021-06-26T16:04:58,80.29
2021-06-26T16:24:40,80.01
2021-06-26T16:36:25,79.75
2021-06-26T16:46:27,79.65
2021-06-26T16:56:31,79.47
2021-06-26T17:15:48,79.56
2021-06-26T17:33:19,79.54
2021-06-26T17:43:40,79.57
2021-06-26T17:43:40,79.57
2021-06-26T18:11:50,79.11
2021-06-26T18:30:43,78.87
2021-06-26T18:42:28,78.75
2021-06-26T18:42:28,78.75
2021-06-26T19:06:18,78.21
2021-06-26T19:26:00,77.85
2021-06-26T19:38:35,77.45
2021-06-26T19:48:26,77.2
2021-06-26T19:58:36,77.02
2021-06-26T21:14:09,75.36
2021-06-26T22:12:34,74.52
2021-06-26T22:42:09,74.14
2021-06-26T22:54:08,74.03
2021-06-26T23:12:13,73.83
2021-06-26T23:34:20,73.58
2021-06-26T23:48:39,73.49
2021-06-26T23:58:39,73.35
2021-06-27T00:28:01,73.15
2021-06-27T00:51:31,72.91
2021-06-27T01:03:16,72.77
2021-06-27T01:21:13,72.54
2021-06-27T01:31:18,72.57
2021-06-27T01:41:11,72.57
2021-06-27T02:03:49,72.41
2021-06-27T02:32:52,71.24
2021-06-27T02:54:59,71.89
2021-06-27T03:11:25,71.83
2021-06-27T03:26:52,71.85
2021-06-27T03:26:52,71.85
2021-06-27T03:46:29,71.89
2021-06-27T03:56:23,71.96
2021-06-27T04:17:36,72.05
2021-06-27T04:34:58,72.07
2021-06-27T04:44:54,72.05
2021-06-27T04:44:54,72.05
2021-06-27T05:13:09,72.03
2021-06-27T05:33:30,71.92
2021-06-27T05:46:46,71.98
2021-06-27T05:56:51,72
2021-06-27T06:19:06,72.09
2021-06-27T06:36:38,72.3
2021-06-27T06:46:46,72.5
2021-06-27T06:56:46,72.72
2021-06-27T07:13:49,72.88
2021-06-27T07:26:40,73.44
2021-06-27T07:36:33,73.62
2021-06-27T07:46:20,73.8
2021-06-27T07:56:07,74.16
2021-06-27T08:24:08,75.09
2021-06-27T08:56:39,76.12
2021-06-27T09:21:02,77.11
2021-06-27T09:35:00,77.45
2021-06-27T09:44:52,77.76
2021-06-27T09:44:52,77.76
2021-06-27T10:10:58,78.53
2021-06-27T10:25:53,79.12
2021-06-27T10:36:11,80.17
2021-06-27T10:45:59,80.35
2021-06-27T10:55:45,80.76
2021-06-27T11:16:57,81.7
2021-06-27T11:40:13,83.03
2021-06-27T11:54:41,83.57
2021-06-27T12:17:44,83.98
2021-06-27T12:55:15,85.1
2021-06-27T13:18:35,85.64
2021-06-27T13:38:09,86.25
2021-06-27T13:47:57,86.4
2021-06-27T13:47:57,86.4
2021-06-27T14:24:06,86.58
2021-06-27T14:45:13,86.94
2021-06-27T14:55:31,87.04
2021-06-27T15:10:43,87.28
2021-06-27T15:22:22,87.35
2021-06-27T15:32:19,87.33
2021-06-27T15:42:06,87.4
2021-06-27T15:52:21,87.44
2021-06-27T16:06:14,87.49
2021-06-27T16:21:57,87.42
2021-06-27T16:36:24,87.21
2021-06-27T16:36:24,87.21
2021-06-27T16:57:02,87.03
2021-06-27T17:17:16,86.5
2021-06-27T17:34:00,86.27
2021-06-27T17:45:11,86.14
2021-06-27T17:54:59,85.62
2021-06-27T18:12:19,85.26
2021-06-27T18:31:01,84.52
2021-06-27T18:42:27,84.07
2021-06-27T18:52:25,83.77
2021-06-27T19:06:50,83.28
2021-06-27T19:26:43,82.72
2021-06-27T19:39:17,82.31
2021-06-27T19:49:19,81.82
2021-06-27T19:59:13,81.39
2021-06-27T21:09:51,78.71
2021-06-27T22:08:32,76.93
2021-06-27T22:41:08,75.92
2021-06-27T22:54:29,75.63
2021-06-27T23:13:26,75.49
2021-06-27T23:35:38,74.98
2021-06-27T23:49:36,74.68
2021-06-27T23:59:20,74.43
2021-06-28T00:29:06,74.17
2021-06-28T00:52:51,73.98
2021-06-28T01:06:36,73.87
2021-06-28T01:23:49,73.74
2021-06-28T01:34:20,73.65
2021-06-28T01:44:05,73.54
2021-06-28T01:53:52,73.38
2021-06-28T02:13:15,73.17
2021-06-28T02:42:24,72.95
2021-06-28T02:58:42,72.81
2021-06-28T03:19:20,72.77
2021-06-28T03:29:56,72.75
2021-06-28T03:39:45,72.61
2021-06-28T03:49:36,72.43
2021-06-28T03:59:42,72.36
2021-06-28T04:24:57,72.14
2021-06-28T04:40:36,72.05
2021-06-28T04:40:36,72.05
2021-06-28T05:00:13,71.98
2021-06-28T05:25:16,71.85
2021-06-28T05:42:29,71.78
2021-06-28T05:42:29,71.78
2021-06-28T06:06:48,72.01
2021-06-28T06:30:26,72.48
2021-06-28T06:44:52,73.13
2021-06-28T06:54:51,73.54
2021-06-28T07:10:32,74.39
2021-06-28T07:25:31,75.02
2021-06-28T07:25:31,75.02
2021-06-28T07:45:18,75.9
2021-06-28T07:55:08,76.69
2021-06-28T08:20:52,78.8
2021-06-28T08:54:43,80.78
2021-06-28T09:19:42,81.82
2021-06-28T09:37:02,82.85
2021-06-28T09:37:02,82.85
2021-06-28T09:56:43,83.64
2021-06-28T10:15:28,84.24
2021-06-28T10:29:05,84.99
2021-06-28T10:39:33,85.93
2021-06-28T10:49:21,86.38
2021-06-28T10:59:11,86.88
2021-06-28T11:26:59,88
2021-06-28T11:48:36,89.15
2021-06-28T11:58:34,89.44
2021-06-28T12:43:27,90.86
2021-06-28T13:31:48,92.16
2021-06-28T14:09:06,92.48
2021-06-28T14:44:44,92.43
2021-06-28T15:01:51,92.68
2021-06-28T15:19:00,92.61
2021-06-28T15:28:50,92.61
2021-06-28T15:38:35,92.52
2021-06-28T15:38:35,92.52
2021-06-28T15:58:23,92.44
2021-06-28T16:20:41,92.66
2021-06-28T16:33:01,92.59
2021-06-28T16:42:47,92.5
2021-06-28T16:52:59,92.39
2021-06-28T17:07:44,92.3
2021-06-28T17:28:41,92.1
2021-06-28T17:53:37,91.2
2021-06-28T18:09:34,90.72
2021-06-28T18:28:58,90.12
2021-06-28T18:41:09,89.4
2021-06-28T18:51:13,88.66
2021-06-28T19:01:49,88.25
2021-06-28T19:23:20,87.58
2021-06-28T19:36:26,86.2
2021-06-28T19:46:33,85.8
2021-06-28T19:46:33,85.8
2021-06-28T20:49:11,82.76
2021-06-28T21:43:41,81.16
2021-06-28T22:17:01,80.04
2021-06-28T22:44:05,79.45
2021-06-28T22:53:59,78.98
2021-06-28T23:12:00,78.76
2021-06-28T23:34:32,78.04
2021-06-28T23:48:56,77.76
2021-06-28T23:58:51,77.49
2021-06-29T00:28:36,76.87
2021-06-29T00:52:24,76.44
2021-06-29T01:05:47,76.32
2021-06-29T01:23:03,76.12
2021-06-29T01:33:26,76.06
2021-06-29T01:43:16,75.97
2021-06-29T01:53:02,75.76
2021-06-29T02:10:22,75.74
2021-06-29T02:39:48,75.42
2021-06-29T02:58:04,75.58
2021-06-29T03:18:06,75.24
2021-06-29T03:30:13,75.16
2021-06-29T03:39:50,75.09
2021-06-29T03:49:38,75.11
2021-06-29T03:59:40,75.07
2021-06-29T04:24:45,75.02
2021-06-29T04:40:20,74.64
2021-06-29T04:50:24,74.62
2021-06-29T04:50:24,74.62
2021-06-29T05:25:35,74.55
2021-06-29T05:42:56,74.59
2021-06-29T05:52:42,74.43
2021-06-29T06:08:00,74.57
2021-06-29T06:31:29,75.15
2021-06-29T06:45:12,75.31
2021-06-29T06:55:04,75.88
2021-06-29T07:10:49,76.77
2021-06-29T07:25:31,77.7
2021-06-29T07:35:33,79.09
2021-06-29T07:45:19,79.36
2021-06-29T07:45:19,79.36
2021-06-29T08:20:53,81.46
2021-06-29T08:54:34,84.15
2021-06-29T09:18:43,85.46
2021-06-29T09:36:12,87.06
2021-06-29T09:46:03,87.53
2021-06-29T09:56:10,88.18
2021-06-29T10:14:40,88.93
2021-06-29T10:28:59,89.65
2021-06-29T10:39:45,90.45
2021-06-29T10:39:45,90.45
2021-06-29T10:59:36,91.15
2021-06-29T11:25:02,92.03
2021-06-29T11:44:31,92.71
2021-06-29T11:55:06,93.2
2021-06-29T12:20:29,94.19
2021-06-29T12:58:26,95.11
2021-06-29T13:26:55,95.61
2021-06-29T13:44:57,95.68
2021-06-29T13:54:51,95.68
2021-06-29T14:15:18,95.79
2021-06-29T14:40:58,95.63
2021-06-29T14:55:25,95.83
2021-06-29T15:06:10,95.94
2021-06-29T15:23:02,96.17
2021-06-29T15:33:04,96.06
2021-06-29T15:43:02,95.85
2021-06-29T15:52:53,95.95
2021-06-29T16:07:41,95.74
2021-06-29T16:27:37,95.43
2021-06-29T16:39:28,94.5
2021-06-29T16:49:29,94.19
2021-06-29T16:49:29,94.19
2021-06-29T17:21:53,93.56
2021-06-29T17:37:04,91.22
2021-06-29T17:47:02,90.75
2021-06-29T17:56:53,90.21
2021-06-29T18:17:31,88.99
2021-06-29T18:34:25,86.2
2021-06-29T18:34:25,86.2
2021-06-29T18:54:07,85.57
2021-06-29T19:11:01,85.19
2021-06-29T19:29:21,83.34
2021-06-29T19:41:39,80.98
2021-06-29T19:41:39,80.98
2021-06-29T20:15:00,79.65
2021-06-29T21:33:51,77.22
2021-06-29T22:19:30,76.57
2021-06-29T22:45:54,76.23
2021-06-29T22:55:37,76.08
2021-06-29T23:16:36,75.97
2021-06-29T23:36:58,75.87
2021-06-29T23:49:44,75.87
2021-06-29T23:59:38,75.65
2021-06-30T00:28:59,75.42
2021-06-30T00:52:27,75.16
2021-06-30T01:05:49,74.95
2021-06-30T01:22:56,74.84
2021-06-30T01:33:07,74.88
2021-06-30T01:42:56,74.8
2021-06-30T01:52:48,74.75
2021-06-30T02:09:21,74.53
2021-06-30T02:38:57,74.23
2021-06-30T02:57:57,73.94
2021-06-30T03:18:01,73.63
2021-06-30T03:30:15,73.58
2021-06-30T03:40:09,73.44
2021-06-30T03:49:58,73.2
2021-06-30T04:00:15,72.88
2021-06-30T04:24:52,72.45
2021-06-30T04:40:08,72.28
2021-06-30T04:40:08,72.28
2021-06-30T04:59:46,71.92
2021-06-30T05:25:42,71.73
2021-06-30T05:43:06,71.58
2021-06-30T05:52:54,71.49
2021-06-30T06:08:37,71.62
2021-06-30T06:32:12,72.19
2021-06-30T06:45:30,72.45
2021-06-30T06:45:30,72.45
2021-06-30T07:11:14,73.74
2021-06-30T07:26:12,74.64
2021-06-30T07:36:16,75.88
2021-06-30T07:36:16,75.88
2021-06-30T07:55:57,77.02
2021-06-30T08:24:17,78.89
2021-06-30T08:58:25,82.29
2021-06-30T09:26:16,83.46
2021-06-30T09:40:35,85.19
2021-06-30T09:50:19,85.82
2021-06-30T10:00:13,86.41
2021-06-30T10:19:58,87.22
2021-06-30T10:30:49,87.91
2021-06-30T10:40:35,89.02
2021-06-30T10:50:51,89.31
2021-06-30T11:01:02,89.74
2021-06-30T11:28:01,90.48
2021-06-30T11:49:43,91.62
2021-06-30T11:59:46,92.08
2021-06-30T12:37:26,93.34
2021-06-30T13:08:32,94.12
2021-06-30T13:36:16,94.8
2021-06-30T13:49:13,94.98
2021-06-30T13:49:13,94.98
2021-06-30T14:28:12,95.5
2021-06-30T14:50:54,95.95
2021-06-30T15:01:06,95.97
2021-06-30T15:17:39,95.99
2021-06-30T15:27:39,96.08
2021-06-30T15:37:45,96.04
2021-06-30T15:47:29,95.88
2021-06-30T15:57:18,95.68
2021-06-30T16:16:13,95.49
2021-06-30T16:32:33,95.32
2021-06-30T16:42:17,95.18
2021-06-30T16:52:16,95.07
2021-06-30T17:05:58,94.87
2021-06-30T17:26:44,94.03
2021-06-30T17:41:36,92.19
2021-06-30T17:41:36,92.19
2021-06-30T18:03:49,88.43
2021-06-30T18:24:57,87.03
2021-06-30T18:38:52,82.49
2021-06-30T18:48:56,79.95
2021-06-30T18:58:48,78.58
2021-06-30T19:20:52,77.49
2021-06-30T19:33:01,76.57
2021-06-30T19:42:49,76.68
2021-06-30T19:52:58,76.19
2021-06-30T20:28:41,74.59
2021-06-30T21:43:24,73.24
2021-06-30T22:17:16,72.9
2021-06-30T22:42:21,72.61
2021-06-30T22:42:21,72.61
2021-06-30T23:06:47,72.28
2021-06-30T23:30:42,72.12
2021-06-30T23:47:14,72.01
2021-06-30T23:57:02,71.87
2021-07-01T00:23:20,71.91
2021-07-01T00:47:29,71.65
2021-07-01T00:59:10,71.58
2021-07-01T01:19:05,71.51
2021-07-01T01:29:46,71.49
2021-07-01T01:39:33,71.56
2021-07-01T01:49:23,71.56
2021-07-01T01:59:09,71.46
2021-07-01T02:30:57,71.55
2021-07-01T02:55:41,71.33
2021-07-01T03:13:20,71.33
2021-07-01T03:28:02,71.04
2021-07-01T03:28:02,71.04
2021-07-01T03:48:00,70.88
2021-07-01T03:58:14,70.83
2021-07-01T04:22:32,70.61
2021-07-01T04:38:16,70.5
2021-07-01T04:48:22,70.45
2021-07-01T04:48:22,70.45
2021-07-01T05:22:42,70.38
2021-07-01T05:39:07,70.38
2021-07-01T05:49:13,70.34
2021-07-01T05:49:13,70.34
2021-07-01T06:24:14,70.43
2021-07-01T06:39:39,70.61
2021-07-01T06:49:29,70.88
2021-07-01T06:49:29,70.88
2021-07-01T07:18:01,71.67
2021-07-01T07:28:29,71.87
2021-07-01T07:38:28,72.12
2021-07-01T07:38:28,72.12
2021-07-01T07:58:05,72.63
2021-07-01T08:33:20,73.83
2021-07-01T09:03:05,74.77
2021-07-01T09:27:14,75.47
2021-07-01T09:39:57,75.83
2021-07-01T09:49:47,76.08
2021-07-01T09:59:49,76.19
2021-07-01T10:19:38,76.44
2021-07-01T10:30:20,76.55
2021-07-01T10:30:20,76.55
2021-07-01T10:49:59,76.89
2021-07-01T11:00:13,76.8
2021-07-01T11:27:25,76.87
2021-07-01T11:48:04,76.93
2021-07-01T11:57:55,77.05
2021-07-01T12:32:36,77.09
2021-07-01T13:02:21,76.78
2021-07-01T13:33:01,76.44
2021-07-01T13:48:17,76.03
2021-07-01T13:48:17,76.03
2021-07-01T14:28:08,75.97
2021-07-01T14:51:56,75.67
2021-07-01T15:04:17,75.36
2021-07-01T15:22:00,75.27
2021-07-01T15:32:03,75.02
2021-07-01T15:41:57,74.66
2021-07-01T15:50:21,74.62
2021-07-01T16:06:03,74.59
2021-07-01T16:29:03,74.8
2021-07-01T16:43:20,74.21
2021-07-01T16:43:20,74.21
2021-07-01T17:08:01,74.48
2021-07-01T17:29:46,74.43
2021-07-01T17:44:42,74.37
2021-07-01T17:54:42,74.03
2021-07-01T18:11:23,73.8
2021-07-01T18:30:18,73.45
2021-07-01T18:41:49,72.99
2021-07-01T18:51:42,72.86
2021-07-01T19:04:28,72.28
2021-07-01T19:25:02,71.8
2021-07-01T19:38:28,71.65
2021-07-01T19:48:18,71.65
2021-07-01T19:58:10,71.53
2021-07-01T21:05:37,70.59
2021-07-01T22:06:13,69.39
2021-07-01T22:34:28,69.08
2021-07-01T22:47:25,68.94
2021-07-01T22:57:18,68.94
2021-07-01T23:21:00,68.9
2021-07-01T23:38:07,68.88
2021-07-01T23:49:47,68.88
2021-07-01T23:59:46,68.79
2021-07-02T00:28:59,68.79
2021-07-02T00:51:44,68.74
2021-07-02T01:04:11,68.76
2021-07-02T01:21:48,68.68
2021-07-02T01:31:32,68.65
2021-07-02T01:31:32,68.65
2021-07-02T01:51:27,68.65
2021-07-02T02:03:28,68.59
2021-07-02T02:28:28,68.56
2021-07-02T02:52:15,68.45
2021-07-02T03:06:24,68.34
2021-07-02T03:26:35,68.23
2021-07-02T03:35:59,68.13
2021-07-02T03:48:48,68.09
2021-07-02T03:58:44,68.07
2021-07-02T04:24:23,67.89
2021-07-02T04:39:47,67.84
2021-07-02T04:49:38,67.75
2021-07-02T04:49:38,67.75
2021-07-02T05:24:25,67.59
2021-07-02T05:40:21,67.53
2021-07-02T05:50:20,67.53
2021-07-02T06:00:11,67.55
2021-07-02T06:24:50,67.51
2021-07-02T06:39:37,67.55
2021-07-02T06:49:27,67.55
2021-07-02T06:59:32,67.48
2021-07-02T07:17:57,67.5
2021-07-02T07:28:24,67.53
2021-07-02T07:38:33,67.57
2021-07-02T07:48:23,67.53
2021-07-02T07:58:08,67.48
2021-07-02T08:33:06,67.82
2021-07-02T09:02:25,68.2
2021-07-02T09:26:17,68.59
2021-07-02T09:38:32,68.74
2021-07-02T09:48:23,68.77
2021-07-02T09:58:08,69.04
2021-07-02T10:16:43,69.39
2021-07-02T10:27:36,69.46
2021-07-02T10:37:41,69.69
2021-07-02T10:47:31,69.91
2021-07-02T10:57:17,69.96
2021-07-02T11:22:19,70.54
2021-07-02T11:43:05,70.7
2021-07-02T11:55:48,70.45
2021-07-02T12:25:00,70.36
2021-07-02T13:02:56,69.26
2021-07-02T13:29:40,68.38
2021-07-02T13:46:20,67.21
2021-07-02T13:46:20,67.21
2021-07-02T14:16:43,65.93
2021-07-02T14:37:54,64.58
2021-07-02T14:55:57,64.17
2021-07-02T15:13:26,63.9
2021-07-02T15:24:43,63.64
2021-07-02T15:35:19,63.18
2021-07-02T15:45:19,63.05
2021-07-02T15:45:19,63.05
2021-07-02T16:13:57,62.64
2021-07-02T16:30:02,62.42
2021-07-02T16:40:07,62.19
2021-07-02T16:49:54,61.95
2021-07-02T16:59:55,61.9
2021-07-02T17:21:37,61.47
2021-07-02T17:35:24,61.27
2021-07-02T17:45:23,61.16
2021-07-02T17:45:23,61.16
2021-07-02T18:15:53,60.76
2021-07-02T18:37:56,60.39
2021-07-02T18:49:51,60.26
2021-07-02T18:59:33,60.13
2021-07-02T19:21:14,59.74
2021-07-02T19:32:47,59.5
2021-07-02T19:42:33,59.38
2021-07-02T19:52:28,59.13
2021-07-02T20:22:01,58.75
2021-07-02T21:29:51,58.05
2021-07-02T22:07:17,57.74
2021-07-02T22:33:07,57.56
2021-07-02T22:46:09,57.52
2021-07-02T22:56:02,57.36
2021-07-02T23:17:16,57.29
2021-07-02T23:36:02,57.18
2021-07-02T23:48:31,57.2
2021-07-02T23:58:20,57.16
2021-07-03T00:27:04,57.11
2021-07-03T00:49:54,57.07
2021-07-03T00:59:40,57.04
2021-07-03T01:18:44,57.02
2021-07-03T01:29:02,57.02
2021-07-03T01:38:49,56.98
2021-07-03T01:49:05,57
2021-07-03T01:59:16,56.98
2021-07-03T02:28:02,56.98
2021-07-03T02:51:20,57.06
2021-07-03T03:02:33,57.02
2021-07-03T03:20:45,57.04
2021-07-03T03:30:40,57.04
2021-07-03T03:40:46,57.06
2021-07-03T03:50:30,57.04
2021-07-03T04:00:51,57.07
2021-07-03T04:24:23,57.06
2021-07-03T04:38:44,57.09
2021-07-03T04:48:32,57.09
2021-07-03T04:58:38,57.07
2021-07-03T05:22:42,57.13
2021-07-03T05:38:03,57.09
2021-07-03T05:47:51,57.13
2021-07-03T05:58:05,57.09
2021-07-03T06:21:44,57.16
2021-07-03T06:36:54,57.29
2021-07-03T06:36:54,57.29
2021-07-03T06:56:40,57.33
2021-07-03T07:13:37,57.42
2021-07-03T07:26:06,57.54
2021-07-03T07:26:06,57.54
2021-07-03T07:46:11,57.7
2021-07-03T07:46:11,57.7
2021-07-03T08:23:06,58.17
2021-07-03T08:52:27,58.57
2021-07-03T09:12:28,58.86
2021-07-03T09:29:17,58.96
2021-07-03T09:39:15,59.2
2021-07-03T09:49:17,59.31
2021-07-03T09:59:39,59.36
2021-07-03T10:18:45,59.59
2021-07-03T10:29:05,59.74
2021-07-03T10:29:05,59.74
2021-07-03T10:48:50,59.94
2021-07-03T10:59:06,59.94
2021-07-03T11:24:08,60.06
2021-07-03T11:44:03,60.28
2021-07-03T11:54:26,60.28
2021-07-03T12:16:20,60.37
2021-07-03T12:53:37,60.37
2021-07-03T13:14:49,60.31
2021-07-03T13:35:32,60.3
2021-07-03T13:45:30,60.24
2021-07-03T13:55:15,60.15
2021-07-03T14:14:45,60.24
2021-07-03T14:39:11,60.24
2021-07-03T14:53:08,60.1
2021-07-03T15:06:25,60.15
2021-07-03T15:18:42,60.24
2021-07-03T15:18:42,60.24
2021-07-03T15:38:21,60.28
2021-07-03T15:48:27,60.3
2021-07-03T15:58:39,60.3
2021-07-03T16:20:21,60.4
2021-07-03T16:30:23,60.4
2021-07-03T16:30:23,60.4
2021-07-03T16:51:12,60.35
2021-07-03T17:02:00,60.21
2021-07-03T17:22:50,60.22
2021-07-03T17:34:16,60.1
2021-07-03T17:46:46,60.04
2021-07-03T17:56:46,59.94
2021-07-03T18:16:17,59.94
2021-07-03T18:32:25,59.85
2021-07-03T18:32:25,59.85
2021-07-03T18:52:01,59.52
2021-07-03T19:05:15,59.4
2021-07-03T19:23:54,59.16
2021-07-03T19:35:34,59.02
2021-07-03T19:45:42,58.89
2021-07-03T19:55:29,58.82
2021-07-03T20:46:46,58.05
2021-07-03T21:43:47,57.61
2021-07-03T22:13:11,57.42
2021-07-03T22:38:05,57.15
2021-07-03T22:49:23,57.13
2021-07-03T22:49:23,57.13
2021-07-03T23:25:03,56.93
2021-07-03T23:41:50,56.84
2021-07-03T23:51:37,56.88
2021-07-04T00:05:47,56.75
2021-07-04T00:34:13,56.66
2021-07-04T00:53:31,56.44
2021-07-04T01:07:58,56.43
2021-07-04T01:23:37,56.41
2021-07-04T01:33:33,56.32
2021-07-04T01:33:33,56.32
2021-07-04T01:53:08,56.3
2021-07-04T02:10:11,56.28
2021-07-04T02:37:26,56.34
2021-07-04T02:55:06,56.32
2021-07-04T03:08:56,56.3
2021-07-04T03:26:26,56.26
2021-07-04T03:26:26,56.26
2021-07-04T03:46:14,56.26
2021-07-04T03:56:28,56.25
2021-07-04T04:17:00,56.21
2021-07-04T04:33:56,56.17
2021-07-04T04:43:59,56.19
2021-07-04T04:43:59,56.19
2021-07-04T05:10:09,56.21
2021-07-04T05:30:39,56.19
2021-07-04T05:44:23,56.26
2021-07-04T05:54:20,56.3
2021-07-04T06:12:06,56.43
2021-07-04T06:32:19,56.75
2021-07-04T06:44:06,56.73
2021-07-04T06:53:52,56.91
2021-07-04T07:07:53,56.95
2021-07-04T07:22:51,57.02
2021-07-04T07:33:01,57.29
2021-07-04T07:42:48,57.34
2021-07-04T07:52:36,57.54
2021-07-04T08:10:07,57.99
2021-07-04T08:45:20,58.66
2021-07-04T09:02:39,59.34
2021-07-04T09:26:01,59.77
2021-07-04T09:36:54,60.06
2021-07-04T09:43:39,60.08
2021-07-04T09:56:42,60.48
2021-07-04T10:14:48,60.73
2021-07-04T10:27:21,61.41
2021-07-04T10:37:15,61.74
2021-07-04T10:47:15,62.19
2021-07-04T10:57:14,62.64
2021-07-04T11:21:12,63.84
2021-07-04T11:40:39,64.49
2021-07-04T11:54:38,65.19
2021-07-04T12:13:15,65.97
2021-07-04T12:50:59,67.23
2021-07-04T13:09:37,67.73
2021-07-04T13:32:59,68.49
2021-07-04T13:44:33,68.68
2021-07-04T13:44:33,68.68
2021-07-04T14:13:23,69.22
2021-07-04T14:37:53,69.82
2021-07-04T14:52:41,70.65
2021-07-04T15:05:46,70.97
2021-07-04T15:14:59,71.06
2021-07-04T15:14:59,71.06
2021-07-04T15:38:29,71.38
2021-07-04T15:44:58,71.31
2021-07-04T15:58:51,71.8
2021-07-04T16:20:29,71.89
2021-07-04T16:31:34,71.83
2021-07-04T16:41:27,71.71
2021-07-04T16:51:21,71.73
2021-07-04T17:02:37,71.65
2021-07-04T17:23:40,71.67
2021-07-04T17:36:50,71.35
2021-07-04T17:46:51,71.1
2021-07-04T17:57:07,71.02
2021-07-04T18:17:21,71.1
2021-07-04T18:32:58,70.7
2021-07-04T18:43:00,70.07
2021-07-04T18:43:00,70.07
2021-07-04T19:07:34,69.85
2021-07-04T19:26:02,69.62
2021-07-04T19:37:29,68.22
2021-07-04T19:47:25,67.86
2021-07-04T19:57:24,67.21
2021-07-04T20:58:14,65.21
2021-07-04T22:00:22,63.14
2021-07-04T22:31:00,62.62
2021-07-04T22:47:09,62.24
2021-07-04T22:56:55,62.06
2021-07-04T23:20:05,61.84
2021-07-04T23:37:39,61.41
2021-07-04T23:49:31,61.36
2021-07-04T23:59:21,61.05
2021-07-05T00:28:43,60.91
2021-07-05T00:51:44,60.42
2021-07-05T01:03:57,60.42
2021-07-05T01:21:45,60.17
2021-07-05T01:21:45,60.17
2021-07-05T01:41:34,60.01
2021-07-05T01:51:21,59.95
2021-07-05T02:03:55,59.77
2021-07-05T02:32:49,59.41
2021-07-05T02:54:42,59.68
2021-07-05T03:11:10,59.56
2021-07-05T03:26:53,59.49
2021-07-05T03:36:44,59.23
2021-07-05T03:46:48,59.29
2021-07-05T03:46:48,59.29
2021-07-05T04:20:09,59.38
2021-07-05T04:36:59,59.27
2021-07-05T04:36:59,59.27
2021-07-05T04:56:48,59.58
2021-07-05T05:19:34,59.77
2021-07-05T05:37:26,59.95
2021-07-05T05:48:38,59.95
2021-07-05T05:58:44,59.94
2021-07-05T06:24:11,60.1
2021-07-05T06:39:46,60.31
2021-07-05T06:49:30,60.31
2021-07-05T06:59:25,60.33
2021-07-05T07:17:43,60.62
2021-07-05T07:28:03,60.69
2021-07-05T07:38:01,60.69
2021-07-05T07:47:50,60.84
2021-07-05T07:47:50,60.84
2021-07-05T08:30:30,61.32
2021-07-05T09:01:21,61.88
2021-07-05T09:26:07,62.19
2021-07-05T09:38:45,63.36
2021-07-05T09:48:35,63.41
2021-07-05T09:58:36,63.86
2021-07-05T10:19:07,63.79
2021-07-05T10:29:59,63.82
2021-07-05T10:29:59,63.82
2021-07-05T10:49:41,64.24
2021-07-05T10:59:37,67.6
2021-07-05T11:26:30,65.98
2021-07-05T11:46:32,65.82
2021-07-05T11:56:19,68.65
2021-07-05T12:25:19,68.18
2021-07-05T13:01:00,69.76
2021-07-05T13:26:33,70.05
2021-07-05T13:43:01,70.65
2021-07-05T13:52:46,71.47
2021-07-05T14:08:58,72.3
2021-07-05T14:35:57,71.73
2021-07-05T14:52:37,71.87
2021-07-05T15:05:51,72.43
2021-07-05T15:18:50,73.02
2021-07-05T15:28:37,73.11
2021-07-05T15:28:37,73.11
2021-07-05T15:48:22,74.03
2021-07-05T15:58:34,74.23
2021-07-05T16:20:57,74.59
2021-07-05T16:32:28,74.8
2021-07-05T16:42:14,74.86
2021-07-05T16:52:07,74.98
2021-07-05T17:05:14,74.97
2021-07-05T17:25:29,74.91
2021-07-05T17:39:24,74.68
2021-07-05T17:39:24,74.68
2021-07-05T17:59:27,74.5
2021-07-05T18:21:25,74.39
2021-07-05T18:35:06,74.28
2021-07-05T18:35:06,74.28
2021-07-05T18:54:43,73.92
2021-07-05T19:12:08,73.71
2021-07-05T19:29:02,73.36
2021-07-05T19:40:33,73.15
2021-07-05T19:50:18,72.95
2021-07-05T20:00:29,72.7
2021-07-05T21:12:35,70.36
2021-07-05T22:07:27,68.92
2021-07-05T22:35:29,68.38
2021-07-05T22:49:11,68.38
2021-07-05T22:49:11,68.38
2021-07-05T23:25:23,67.73
2021-07-05T23:42:27,67.51
2021-07-05T23:52:22,67.41
2021-07-06T00:08:05,67.41
2021-07-06T00:36:50,67.21
2021-07-06T00:54:33,66.97
2021-07-06T01:10:07,66.97
2021-07-06T01:25:13,66.99
2021-07-06T01:35:06,66.97
2021-07-06T01:45:01,66.92
2021-07-06T01:45:01,66.92
2021-07-06T02:15:50,67.28
2021-07-06T02:42:37,67.35
2021-07-06T02:57:26,67.55
2021-07-06T03:16:49,67.78
2021-07-06T03:29:06,67.96
2021-07-06T03:38:55,68.11
2021-07-06T03:48:48,68.31
2021-07-06T03:58:35,68.47
2021-07-06T04:24:05,68.63
2021-07-06T04:39:11,68.58
2021-07-06T04:39:11,68.58
2021-07-06T04:58:48,68.59
2021-07-06T05:23:26,68.67
2021-07-06T05:39:12,68.68
2021-07-06T05:48:57,68.72
2021-07-06T05:58:55,68.79
2021-07-06T06:24:15,68.94
2021-07-06T06:39:11,69.21
2021-07-06T06:39:11,69.21
2021-07-06T06:58:53,69.87
2021-07-06T07:17:42,70.45
2021-07-06T07:28:03,70.5
2021-07-06T07:38:06,70.75
2021-07-06T07:47:53,71.13
2021-07-06T07:57:40,71.55
2021-07-06T08:30:23,72.59
2021-07-06T09:01:31,74.34
2021-07-06T09:26:16,75.78
2021-07-06T09:38:56,76.64
2021-07-06T09:48:47,77.72
2021-07-06T09:58:55,78.46
2021-07-06T10:19:06,79.16
2021-07-06T10:29:57,79.66
2021-07-06T10:29:57,79.66
2021-07-06T10:49:44,81.41
2021-07-06T10:59:34,81.79
2021-07-06T11:27:27,83.35
2021-07-06T11:46:28,84.92
2021-07-06T11:56:34,85.62
2021-07-06T12:24:41,86.56
2021-07-06T13:00:14,87.82
2021-07-06T13:21:14,88.38
2021-07-06T13:42:45,89.02
2021-07-06T13:52:47,89.24
2021-07-06T14:08:46,89.26
2021-07-06T14:35:45,89.58
2021-07-06T14:52:37,89.62
2021-07-06T15:05:35,89.56
2021-07-06T15:18:37,89.51
2021-07-06T15:28:26,89.55
2021-07-06T15:38:34,89.01
2021-07-06T15:38:34,89.01
2021-07-06T15:58:32,88.11
2021-07-06T16:21:00,87.37
2021-07-06T16:32:43,86.65
2021-07-06T16:42:29,86.18
2021-07-06T16:52:36,84.27
2021-07-06T17:06:50,83.66
2021-07-06T17:26:57,79.2
2021-07-06T17:40:49,77.43
2021-07-06T17:50:39,76.64
2021-07-06T18:00:41,72.5
2021-07-06T18:22:06,71.58
2021-07-06T18:35:44,71.71
2021-07-06T18:45:35,71.53
2021-07-06T18:55:35,71.55
2021-07-06T19:14:03,71.56
2021-07-06T19:30:06,71.24
2021-07-06T19:41:26,71.53
2021-07-06T19:51:13,71.42
2021-07-06T20:14:40,71.17
2021-07-06T21:31:14,69.6
2021-07-06T22:12:32,69.31
2021-07-06T22:39:20,69.1
2021-07-06T22:51:03,69.01
2021-07-06T23:02:07,68.77
2021-07-06T23:26:49,68.7
2021-07-06T23:43:50,68.63
2021-07-06T23:53:39,68.47
2021-07-07T00:12:23,68.41
2021-07-07T00:41:06,68.16
2021-07-07T00:56:28,68.14
2021-07-07T01:14:12,68.16
2021-07-07T01:27:22,68.22
2021-07-07T01:37:16,68.16
2021-07-07T01:47:08,68.22
2021-07-07T01:56:56,68.18
2021-07-07T02:22:26,68.29
2021-07-07T02:45:56,68.25
2021-07-07T02:57:57,68.05
2021-07-07T03:18:10,67.91
2021-07-07T03:29:39,67.89
2021-07-07T03:39:37,67.6
2021-07-07T03:49:30,67.53
2021-07-07T03:59:24,67.46
2021-07-07T04:24:44,67.26
2021-07-07T04:39:59,67.08
2021-07-07T04:49:50,67.19
2021-07-07T04:59:43,67.3
2021-07-07T05:25:11,67.53
2021-07-07T05:41:51,67.55
2021-07-07T05:51:46,67.51
2021-07-07T06:05:57,67.77
2021-07-07T06:29:37,68.07
2021-07-07T06:44:10,68.63
2021-07-07T06:53:53,68.85
2021-07-07T07:08:21,69.44
2021-07-07T07:23:46,70.05
2021-07-07T07:34:05,71.11
2021-07-07T07:43:55,71.33
2021-07-07T07:53:44,71.87
2021-07-07T08:15:03,72.5
2021-07-07T08:50:29,75.87
2021-07-07T09:10:15,77.41
2021-07-07T09:33:08,79.59
2021-07-07T09:45:14,80.2
2021-07-07T09:55:07,80.89
2021-07-07T10:13:13,81.73
2021-07-07T10:31:21,82.87
2021-07-07T10:44:57,83.71
2021-07-07T10:54:37,84.58
2021-07-07T11:16:51,85.21
2021-07-07T11:46:33,86.56
2021-07-07T12:04:28,87.44
2021-07-07T12:50:29,88.59
2021-07-07T13:19:41,89.33
2021-07-07T13:45:49,89.67
2021-07-07T13:55:34,90.1
2021-07-07T14:18:18,90.18
2021-07-07T14:42:18,90.23
2021-07-07T14:55:40,90.25
2021-07-07T15:11:20,90.59
2021-07-07T15:16:57,90.48
2021-07-07T15:16:57,90.48
2021-07-07T15:41:35,89.55
2021-07-07T15:51:31,89.62
2021-07-07T16:04:39,89.44
2021-07-07T16:25:08,89.2
2021-07-07T16:37:00,89.51
2021-07-07T16:46:59,89.44
2021-07-07T16:46:59,89.44
2021-07-07T17:16:32,88.16
2021-07-07T17:32:49,81.41
2021-07-07T17:44:06,79.99
2021-07-07T17:44:06,79.99
2021-07-07T18:10:11,77.95
2021-07-07T18:29:19,77.47
2021-07-07T18:41:35,76.48
2021-07-07T18:51:23,76.44
2021-07-07T19:03:25,76.08
2021-07-07T19:23:17,75.74
2021-07-07T19:35:08,73.99
2021-07-07T19:45:18,73.83
2021-07-07T19:55:04,73.53
2021-07-07T20:41:05,72.7
2021-07-07T21:44:57,71.47
2021-07-07T22:16:15,70.88
2021-07-07T22:41:01,70.38
2021-07-07T22:50:56,70.29
2021-07-07T23:01:41,70.27
2021-07-07T23:26:39,70.07
2021-07-07T23:43:51,69.91
2021-07-07T23:53:50,69.75
2021-07-08T00:12:43,69.8
2021-07-08T00:41:21,69.71
2021-07-08T00:56:35,69.64
2021-07-08T01:14:34,69.67
2021-07-08T01:27:29,69.57
2021-07-08T01:27:29,69.57
2021-07-08T01:47:38,69.46
2021-07-08T01:57:51,69.35
2021-07-08T02:25:18,69.04
2021-07-08T02:48:27,69.01
2021-07-08T02:48:27,69.01
2021-07-08T03:18:57,68.54
2021-07-08T03:30:10,68.56
2021-07-08T03:40:03,68.47
2021-07-08T03:49:48,68.45
2021-07-08T03:59:52,68.38
2021-07-08T04:25:16,68.27
2021-07-08T04:41:07,68.22
2021-07-08T04:51:10,68.18
2021-07-08T05:02:21,68.27
2021-07-08T05:27:23,68.22
2021-07-08T05:44:25,68.13
2021-07-08T05:44:25,68.13
2021-07-08T06:12:01,68.04
2021-07-08T06:33:35,68.29
2021-07-08T06:45:33,68.41
2021-07-08T06:45:33,68.41
2021-07-08T07:11:35,68.58
2021-07-08T07:25:39,68.74
2021-07-08T07:35:28,68.85
2021-07-08T07:45:33,68.83
2021-07-08T07:45:33,68.83
2021-07-08T08:22:19,69.01
2021-07-08T08:56:22,69.19
2021-07-08T09:25:20,69.44
2021-07-08T09:43:30,69.76
2021-07-08T09:43:30,69.76
2021-07-08T10:09:22,69.82
2021-07-08T10:28:52,69.58
2021-07-08T10:43:19,69.4
2021-07-08T10:53:23,69.24
2021-07-08T11:11:00,69.24
2021-07-08T11:42:07,68.83
2021-07-08T12:01:32,68.61
2021-07-08T12:44:34,69.06
2021-07-08T13:14:38,69.82
2021-07-08T13:41:32,71.37
2021-07-08T13:52:07,71.64
2021-07-08T14:06:48,71.08
2021-07-08T14:34:27,69.03
2021-07-08T14:52:41,69.03
2021-07-08T15:05:46,68.9
2021-07-08T15:18:56,68.88
2021-07-08T15:18:56,68.88
2021-07-08T15:38:39,68.38
2021-07-08T15:38:39,68.38
2021-07-08T15:58:11,68.2
2021-07-08T16:20:33,68.16
2021-07-08T16:32:44,67.91
2021-07-08T16:42:30,67.82
2021-07-08T16:52:18,67.6
2021-07-08T17:04:28,67.59
2021-07-08T17:25:54,67.5
2021-07-08T17:39:40,66.97
2021-07-08T17:49:37,66.96
2021-07-08T17:59:54,66.94
2021-07-08T18:21:45,66.9
2021-07-08T18:35:40,66.87
2021-07-08T18:45:35,66.9
2021-07-08T18:45:35,66.9
2021-07-08T19:13:36,67.1
2021-07-08T19:29:42,67.15
2021-07-08T19:40:41,67.1
2021-07-08T19:50:27,67.08
2021-07-08T20:09:21,67.12
2021-07-08T21:28:38,67.19
2021-07-08T22:12:49,67.32
2021-07-08T22:39:19,67.46
2021-07-08T22:50:38,67.35
2021-07-08T23:00:52,67.33
2021-07-08T23:26:12,67.19
2021-07-08T23:43:17,67.1
2021-07-08T23:53:08,67.24
2021-07-09T00:10:46,67.23
2021-07-09T00:39:49,67.24
2021-07-09T00:56:05,67.21
2021-07-09T01:13:25,67.26
2021-07-09T01:26:55,67.26
2021-07-09T01:36:49,67.24
2021-07-09T01:46:40,67.24
2021-07-09T01:56:23,67.3
2021-07-09T02:20:38,67.39
2021-07-09T02:44:11,67.35
2021-07-09T02:57:26,67.33
2021-07-09T03:17:07,67.48
2021-07-09T03:29:23,67.57
2021-07-09T03:39:15,67.59
2021-07-09T03:49:20,67.6
2021-07-09T03:59:23,67.53
2021-07-09T04:24:46,67.6
2021-07-09T04:40:02,67.6
2021-07-09T04:49:51,67.59
2021-07-09T04:59:41,67.55
2021-07-09T05:24:39,67.66
2021-07-09T05:40:38,67.55
2021-07-09T05:50:24,67.59
2021-07-09T06:00:21,67.55
2021-07-09T06:25:05,67.62
2021-07-09T06:40:05,67.84
2021-07-09T06:49:53,67.91
2021-07-09T06:59:44,67.89
2021-07-09T07:18:09,67.96
2021-07-09T07:28:34,67.95
2021-07-09T07:38:27,68
2021-07-09T07:48:41,67.98
2021-07-09T07:58:29,68.07
2021-07-09T08:33:37,68.04
2021-07-09T09:02:05,68.14
2021-07-09T09:25:59,68.2
2021-07-09T09:38:20,68.32
2021-07-09T09:48:20,68.16
2021-07-09T09:58:23,68.14
2021-07-09T10:20:12,67.95
2021-07-09T10:32:41,67.87
2021-07-09T10:42:30,67.89
2021-07-09T10:52:22,67.82
2021-07-09T11:07:28,67.82
2021-07-09T11:35:12,67.78
2021-07-09T11:53:26,67.87
2021-07-09T12:14:06,67.95
2021-07-09T12:54:46,69.1
2021-07-09T13:19:28,70.45
2021-07-09T13:36:32,71.42
2021-07-09T13:36:32,71.42
2021-07-09T13:59:11,72.72
2021-07-09T14:30:15,74.08
2021-07-09T14:52:29,76.12
2021-07-09T15:05:22,76.82
2021-07-09T15:18:35,77.09
2021-07-09T15:28:21,77.36
2021-07-09T15:38:20,77.68
2021-07-09T15:48:22,78.28
2021-07-09T15:58:11,78.89
2021-07-09T16:20:32,79.72
2021-07-09T16:32:21,79.99
2021-07-09T16:42:14,80.28
2021-07-09T16:52:12,80.58
2021-07-09T17:05:12,80.47
2021-07-09T17:25:30,80.74
2021-07-09T17:39:31,80.76
2021-07-09T17:49:23,80.65
2021-07-09T17:59:36,80.56
2021-07-09T18:23:42,80.49
2021-07-09T18:35:45,79.39
2021-07-09T18:45:48,79.12
2021-07-09T18:55:37,78.31
2021-07-09T19:14:14,78.21
2021-07-09T19:30:05,77.04
2021-07-09T19:39:52,75.83
2021-07-09T19:50:47,75.13
2021-07-09T20:11:43,74.73
2021-07-09T21:22:26,72.77
2021-07-09T22:06:00,71.47
2021-07-09T22:35:26,70.38
2021-07-09T22:47:00,70.11
2021-07-09T22:47:00,70.11
2021-07-09T23:25:08,69.67
2021-07-09T23:41:56,69.55
2021-07-09T23:51:57,69.44
2021-07-10T00:06:53,69.33
2021-07-10T00:35:58,69.17
2021-07-10T00:54:31,68.88
2021-07-10T01:09:46,68.83
2021-07-10T01:24:44,68.83
2021-07-10T01:24:44,68.83
2021-07-10T01:44:35,68.79
2021-07-10T01:44:35,68.79
2021-07-10T02:13:40,68.74
2021-07-10T02:40:05,68.58
2021-07-10T02:55:47,68.31
2021-07-10T03:13:13,68.18
2021-07-10T03:27:26,68.11
2021-07-10T03:37:16,68
2021-07-10T03:47:08,67.95
2021-07-10T03:57:09,67.82
2021-07-10T04:19:40,67.84
2021-07-10T04:35:30,67.84
2021-07-10T04:35:30,67.84
2021-07-10T04:55:16,67.66
2021-07-10T05:14:07,67.53
2021-07-10T05:33:17,67.28
2021-07-10T05:45:36,67.19
2021-07-10T05:55:34,67.05
2021-07-10T06:15:04,66.92
2021-07-10T06:33:59,66.94
2021-07-10T06:44:46,67.03
2021-07-10T06:54:51,67.08
2021-07-10T07:09:49,67.05
2021-07-10T07:24:12,67.17
2021-07-10T07:34:14,67.42
2021-07-10T07:44:01,67.42
2021-07-10T07:53:48,67.46
2021-07-10T08:14:34,67.64
2021-07-10T08:48:07,68.47
2021-07-10T09:06:37,68.7
2021-07-10T09:26:52,68.86
2021-07-10T09:37:40,69.89
2021-07-10T09:37:40,69.89
2021-07-10T09:57:32,70.12
2021-07-10T10:16:19,70.43
2021-07-10T10:27:57,70.48
2021-07-10T10:38:06,71.67
2021-07-10T10:58:03,72.01
2021-07-10T11:23:22,72.1
2021-07-10T11:42:34,72.39
2021-07-10T11:54:05,72.68
2021-07-10T12:15:12,72.93
2021-07-10T12:52:51,74.61
2021-07-10T13:12:33,74.79
2021-07-10T13:35:02,75.33
2021-07-10T13:45:23,75.45
2021-07-10T13:55:23,75.54
2021-07-10T14:16:02,75.99
2021-07-10T14:39:28,76.35
2021-07-10T14:53:15,76.82
2021-07-10T15:06:50,77.23
2021-07-10T15:19:05,77.61
2021-07-10T15:28:59,77.67
2021-07-10T15:38:52,77.65
2021-07-10T15:49:07,78.01
2021-07-10T15:59:18,77.95
2021-07-10T16:20:39,78.28
2021-07-10T16:31:39,78.39
2021-07-10T16:41:36,78.53
2021-07-10T16:51:22,78.62
2021-07-10T17:02:40,78.67
2021-07-10T17:23:02,78.42
2021-07-10T17:36:44,78.1
2021-07-10T17:46:51,78.24
2021-07-10T17:56:38,78.24
2021-07-10T18:16:01,77.56
2021-07-10T18:32:25,77.07
2021-07-10T18:32:25,77.07
2021-07-10T18:52:13,76.68
2021-07-10T19:05:53,76.19
2021-07-10T19:24:32,75.54
2021-07-10T19:36:06,74.41
2021-07-10T19:36:06,74.41
2021-07-10T19:56:05,73.81
2021-07-10T20:55:41,70.81
2021-07-10T22:00:47,68.86
2021-07-10T22:32:55,68.22
2021-07-10T22:48:26,68.11
2021-07-10T22:58:16,67.87
2021-07-10T23:24:00,67.55
2021-07-10T23:40:52,67.21
2021-07-10T23:50:43,67.24
2021-07-11T00:01:39,66.96
2021-07-11T00:30:28,67.01
2021-07-11T00:52:04,66.7
2021-07-11T01:04:44,66.81
2021-07-11T01:21:35,66.85
2021-07-11T01:31:29,66.76
2021-07-11T01:41:22,66.49
2021-07-11T01:51:29,66.49
2021-07-11T02:04:40,66.72
2021-07-11T02:32:57,66.7
2021-07-11T02:53:45,66.67
2021-07-11T03:08:48,66.7
2021-07-11T03:25:08,66.79
2021-07-11T03:35:03,66.74
2021-07-11T03:35:03,66.74
2021-07-11T03:55:13,66.81
2021-07-11T04:14:31,66.87
2021-07-11T04:33:07,66.81
2021-07-11T04:43:49,66.79
2021-07-11T04:43:49,66.79
2021-07-11T05:09:55,66.78
2021-07-11T05:30:54,66.85
2021-07-11T05:44:44,66.92
2021-07-11T05:54:33,66.83
2021-07-11T06:12:24,66.94
2021-07-11T06:32:31,67.32
2021-07-11T06:43:59,67.66
2021-07-11T06:50:28,67.84
2021-07-11T07:08:18,68.05
2021-07-11T07:23:17,68.2
2021-07-11T07:23:17,68.2
2021-07-11T07:43:06,68.83
2021-07-11T07:43:06,68.83
2021-07-11T08:11:14,69.21
2021-07-11T08:45:44,70.07
2021-07-11T09:05:09,70.63
2021-07-11T09:26:07,71.24
2021-07-11T09:36:58,71.74
2021-07-11T09:46:54,72.01
2021-07-11T09:46:54,72.01
2021-07-11T10:14:45,72.79
2021-07-11T10:27:11,73.27
2021-07-11T10:37:20,73.53
2021-07-11T10:47:02,73.67
2021-07-11T10:57:19,73.9
2021-07-11T11:21:10,74.34
2021-07-11T11:40:39,75.11
2021-07-11T11:53:14,75.81
2021-07-11T12:11:56,76.33
2021-07-11T12:49:41,77.52
2021-07-11T13:08:40,77.67
2021-07-11T13:33:01,77.16
2021-07-11T13:44:46,76.87
2021-07-11T13:44:46,76.87
2021-07-11T14:14:03,76.62
2021-07-11T14:38:33,75.87
2021-07-11T14:53:02,75.42
2021-07-11T15:06:32,75.25
2021-07-11T15:19:02,74.88
2021-07-11T15:29:08,75
2021-07-11T15:39:08,74.5
2021-07-11T15:48:57,74.39
2021-07-11T15:59:05,74.35
2021-07-11T16:20:42,74.23
2021-07-11T16:31:38,73.99
2021-07-11T16:41:32,73.8
2021-07-11T16:51:30,73.62
2021-07-11T17:02:57,73.49
2021-07-11T17:23:37,73.26
2021-07-11T17:37:28,73
2021-07-11T17:47:29,72.97
2021-07-11T17:47:29,72.97
2021-07-11T18:18:04,72.93
2021-07-11T18:33:09,72.52
2021-07-11T18:42:59,72.55
2021-07-11T18:42:59,72.55
2021-07-11T19:07:25,71.92
2021-07-11T19:26:00,71.65
2021-07-11T19:37:35,70.59
2021-07-11T19:47:29,70.34
2021-07-11T19:47:29,70.34
2021-07-11T20:57:42,68.13
2021-07-11T22:00:04,67.26
2021-07-11T22:30:35,67.1
2021-07-11T22:46:53,66.96
2021-07-11T22:57:01,66.99
